Time,Sx,Sy,Sz,Hx,Hy,Hz
0.0,0.0,0.0,1.0,0.0,12.566370614359172,0.0
0.01001001001001001,0.1254580301802952,0.0,0.9920989278611576,0.0,12.566370614359172,0.0
0.02002002002002002,0.2489335544668877,0.0,0.9685205653265385,0.0,12.566370614359172,0.0
0.03003003003003003,0.3684753948102406,0.0,0.9296375010827459,0.0,12.566370614359172,0.0
0.04004004004004004,0.482194533802031,0.0,0.8760641709209177,0.0,12.566370614359172,0.0
0.050050050050050046,0.5882939652007788,0.0,0.8086471483337068,0.0,12.566370614359172,0.0
0.06006006006006006,0.6850970904837433,0.0,0.7284517668388069,0.0,12.566370614359172,0.0
0.07007007007007007,0.7710742126986742,0.0,0.6367452854250025,0.0,12.566370614359172,0.0
0.08008008008008008,0.8448667089557528,0.0,0.5349768631427921,0.0,12.566370614359172,0.0
0.09009009009009009,0.9053084995825162,0.0,0.4247546592839892,0.0,12.566370614359172,0.0
0.10010010010010009,0.9514444746830801,0.0,0.30782042101657314,0.0,12.566370614359172,0.0
0.11011011011011011,0.9825455869225151,0.0,0.18602196004464422,0.0,12.566370614359172,0.0
0.12012012012012012,0.998120372038018,0.0,0.061283953221278775,0.0,12.566370614359172,0.0
0.13013013013013014,0.9979227150280999,0.0,-0.06442247147279268,0.0,12.566370614359172,0.0
0.14014014014014015,0.98195573929735,0.0,-0.18911088297792455,0.0,12.566370614359172,0.0
0.15015015015015015,0.9504717572999435,0.0,-0.31081093702575974,0.0,12.566370614359172,0.0
0.16016016016016016,0.9039682834618392,0.0,-0.42759951180363553,0.0,12.566370614359172,0.0
0.17017017017017017,0.8431801723860397,0.0,-0.537631097402929,0.0,12.566370614359172,0.0
0.18018018018018017,0.769068006574132,0.0,-0.6391669588329003,0.0,12.566370614359172,0.0
0.19019019019019018,0.6828029171630062,0.0,-0.7306026117618765,0.0,12.566370614359172,0.0
0.20020020020020018,0.5857480775416625,0.0,-0.8104931768101511,0.0,12.566370614359172,0.0
0.21021021021021022,0.4794371622886431,0.0,-0.8775762117424079,0.0,12.566370614359172,0.0
0.22022022022022023,0.3655501118250676,0.0,-0.9307916607620639,0.0,12.566370614359172,0.0
0.23023023023023023,0.24588658575371877,0.0,-0.9692986056659103,0.0,12.566370614359172,0.0
0.24024024024024024,0.12233752437835034,0.0,-0.9924885541548847,0.0,12.566370614359172,0.0
0.2502502502502503,-0.0031447322078145424,0.0,-0.9999950553171734,0.0,12.566370614359172,0.0
0.2602602602602603,-0.1285772952819137,0.0,-0.9916994903383893,0.0,12.566370614359172,0.0
0.2702702702702703,-0.2519780613851334,0.0,-0.967732946933193,0.0,12.566370614359172,0.0
0.2802802802802803,-0.37139703380753647,0.0,-0.92847414787831,0.0,12.566370614359172,0.0
0.2902902902902903,-0.48494713671741363,0.0,-0.8745434663805742,0.0,12.566370614359172,0.0
0.3003003003003003,-0.5908340350058399,0.0,-0.8067931228500057,0.0,12.566370614359172,0.0
0.3103103103103103,-0.6873844886289472,0.0,-0.7262937179899366,0.0,12.566370614359172,0.0
0.3203203203203203,-0.7730727933885099,0.0,-0.6343173150102317,0.0,12.566370614359172,0.0
0.3303303303303303,-0.8465448903298091,0.0,-0.5323173383009172,0.0,12.566370614359172,0.0
0.34034034034034033,-0.9066397627765962,0.0,-0.42190560621027207,0.0,12.566370614359172,0.0
0.35035035035035034,-0.9524077828841195,0.0,-0.30482686085874,0.0,12.566370614359172,0.0
0.36036036036036034,-0.9831257177953376,0.0,-0.1829311974722137,0.0,12.566370614359172,0.0
0.37037037037037035,-0.9983081582708718,0.0,-0.05814482891034861,0.0,12.566370614359172,0.0
0.38038038038038036,-0.9977151891958412,0.0,0.0675603526269547,0.0,12.566370614359172,0.0
0.39039039039039036,-0.9813561807531221,0.0,0.1921979357245942,0.0,12.566370614359172,0.0
0.40040040040040037,-0.9494896403543664,0.0,0.313798379312042,0.0,12.566370614359172,0.0
0.41041041041041043,-0.9026191276685851,0.0,0.4304401356355017,0.0,12.566370614359172,0.0
0.42042042042042044,-0.8414852972996076,0.0,0.540280014832749,0.0,12.566370614359172,0.0
0.43043043043043044,-0.7670541948551715,0.0,0.641582311285269,0.0,12.566370614359172,0.0
0.44044044044044045,-0.680501991354849,0.0,0.7327462314888602,0.0,12.566370614359172,0.0
0.45045045045045046,-0.5831963972059023,0.0,0.8123311900235488,0.0,12.566370614359172,0.0
0.46046046046046046,-0.4766750494460971,0.0,0.8790795738922379,0.0,12.566370614359172,0.0
0.47047047047047047,-0.36262121378138523,0.0,0.931936615502734,0.0,12.566370614359172,0.0
0.4804804804804805,-0.24283718537836124,0.0,0.9700670602574181,0.0,12.566370614359172,0.0
0.4904904904904905,-0.11921580873600973,0.0,0.9928683653669054,0.0,12.566370614359172,0.0
0.5005005005005005,0.006289433316164277,0.0,0.9999802213181372,0.0,12.566370614359172,0.0
0.5105105105105106,0.1316952888356479,0.0,0.9912902455372908,0.0,12.566370614359172,0.0
0.5205205205205206,0.25502007640025937,0.0,0.9669357582754251,0.0,12.566370614359172,0.0
0.5305305305305306,0.37431499992389045,0.0,0.9273016126540603,0.0,12.566370614359172,0.0
0.5405405405405406,0.4876949438134284,0.0,0.8730141131606283,0.0,12.566370614359172,0.0
0.5505505505505506,0.5933682618373375,0.0,0.8049311186945977,0.0,12.566370614359172,0.0
0.5605605605605606,0.6896650889779047,0.0,0.7241284865573763,0.0,12.566370614359172,0.0
0.5705705705705706,0.7750637288791744,0.0,0.6318830716000119,0.0,12.566370614359172,0.0
0.5805805805805806,0.8482146999123102,0.0,0.5296525491786135,0.0,12.566370614359172,0.0
0.5905905905905906,0.9079620598789959,0.0,0.4190523807580655,0.0,12.566370614359172,0.0
0.6006006006006006,0.9533616723768289,0.0,0.30183028615688334,0.0,12.566370614359172,0.0
0.6106106106106106,0.9836961261789688,0.0,0.17983862582648452,0.0,12.566370614359172,0.0
0.6206206206206206,0.9984860718698507,0.0,0.055005129584081436,0.0,12.566370614359172,0.0
0.6306306306306306,0.9974977965938084,0.0,-0.07069756565201796,0.0,12.566370614359172,0.0
0.6406406406406406,0.9807469172193408,0.0,-0.19528308775560183,0.0,12.566370614359172,0.0
0.6506506506506506,0.9484981335591007,0.0,-0.3167827183314815,0.0,12.566370614359172,0.0
0.6606606606606606,0.9012610455452671,0.0,-0.4332765026876146,0.0,12.566370614359172,0.0
0.6706706706706707,0.8397821004578915,0.0,-0.5429235892361544,0.0,12.566370614359172,0.0
0.6806806806806807,0.7650327974572836,0.0,-0.6439913188958355,0.0,12.566370614359172,0.0
0.6906906906906907,0.6781943358141134,0.0,-0.7348826048207605,0.0,12.566370614359172,0.0
0.7007007007007007,0.5806389494281172,0.0,-0.8141611697971619,0.0,12.566370614359172,0.0
0.7107107107107107,0.47390822259002974,0.0,-0.8805742425031561,0.0,12.566370614359172,0.0
0.7207207207207207,0.35968872964420645,0.0,-0.9330723539819208,0.0,12.566370614359172,0.0
0.7307307307307307,0.2397853834974988,0.0,-0.9708259215015643,0.0,12.566370614359172,0.0
0.7407407407407407,0.11609291412509165,0.0,-0.9932383577411446,0.0,12.566370614359172,0.0
0.7507507507507507,-0.009434072225931747,0.0,-0.9999554981495904,0.0,12.566370614359172,0.0
0.7607607607607607,-0.1348119800065124,0.0,-0.9908711975050346,0.0,12.566370614359172,0.0
0.7707707707707707,-0.25805956942867014,0.0,-0.9661290072369243,0.0,12.566370614359172,0.0
0.7807807807807807,-0.3772292643024819,0.0,-0.9261199070056219,0.0,12.566370614359172,0.0
0.7907907907907907,-0.4904379279160269,0.0,-0.8714761263854021,0.0,12.566370614359172,0.0
0.8008008008008007,-0.5958966206334028,0.0,-0.8030611542815029,0.0,12.566370614359172,0.0
0.8108108108108109,-0.6919388689769567,0.0,-0.7219560939538617,0.0,12.566370614359172,0.0
0.8208208208208209,-0.7770469994816108,0.0,-0.6294425792674267,0.0,12.566370614359172,0.0
0.8308308308308309,-0.8498761211899302,0.0,-0.5269825221289054,0.0,12.566370614359172,0.0
0.8408408408408409,-0.9092753778130644,0.0,-0.41619501114389895,0.0,12.566370614359172,0.0
0.8508508508508509,-0.9543061337278692,0.0,-0.2988307265451555,0.0,12.566370614359172,0.0
0.8608608608608609,-0.9842568064324468,0.0,-0.17674427569094897,0.0,12.566370614359172,0.0
0.8708708708708709,-0.9986541110755068,0.0,-0.0518648862920259,0.0,12.566370614359172,0.0
0.8808808808808809,-0.9972705393718703,0.0,0.07383407952302556,0.0,12.566370614359172,0.0
0.8908908908908909,-0.9801279547212169,0.0,0.19836630856084325,0.0,12.566370614359172,0.0
0.9009009009009009,-0.9474972467194888,0.0,0.3197639245709524,0.0,12.566370614359172,0.0
0.9109109109109109,-0.8998940505224118,0.0,0.43610858491019716,0.0,12.566370614359172,0.0
0.9209209209209209,-0.8380705987043701,0.0,0.5455617944699611,0.0,12.566370614359172,0.0
0.9309309309309309,-0.7630038343707359,0.0,0.6463939578411277,0.0,12.566370614359172,0.0
0.9409409409409409,-0.6758799733619674,0.0,0.7370117106302774,0.0,12.566370614359172,0.0
0.950950950950951,-0.5780757594997515,0.0,0.815983098033718,0.0,12.566370614359172,0.0
0.960960960960961,-0.47113670908250316,0.0,0.8820602027938941,0.0,12.566370614359172,0.0
0.970970970970971,-0.35675268841383234,0.0,0.9341988649679349,0.0,12.566370614359172,0.0
0.980980980980981,-0.23673121029140423,0.0,0.9715751818937225,0.0,12.566370614359172,0.0
0.990990990990991,-0.11296887142892836,0.0,0.9935985276186279,0.0,12.566370614359172,0.0
1.001001001001001,0.01257861783875095,0.0,0.9999208860560297,0.0,12.566370614359172,0.0
1.011011011011011,0.1379273379725249,0.0,0.9904423503857255,0.0,12.566370614359172,0.0
1.021021021021021,0.2610965104118208,0.0,0.9653127017959184,0.0,12.566370614359172,0.0
1.031031031031031,0.3801397981231925,0.0,0.9249290426192717,0.0,12.566370614359172,0.0
1.0410410410410411,0.4931760618989374,0.0,0.8699295212645549,0.0,12.566370614359172,0.0
1.0510510510510511,0.5984190863902633,0.0,0.8011832481034178,0.0,12.566370614359172,0.0
1.0610610610610611,0.6942058061399407,0.0,0.7197765616629048,0.0,12.566370614359172,0.0
1.0710710710710711,0.779022585582601,0.0,0.6269958621473157,0.0,12.566370614359172,0.0
1.0810810810810811,0.8515291377323247,0.0,0.5243072835565784,0.0,12.566370614359172,0.0
1.0910910910910911,0.9105797035909664,0.0,0.4133335256252519,0.0,12.566370614359172,0.0
1.1011011011011012,0.9552411575971499,0.0,0.29582821168720197,0.0,12.566370614359172,0.0
1.1111111111111112,0.9848077530110196,0.0,0.17364817766667012,0.0,12.566370614359172,0.0
1.1211211211211212,0.9988122742260469,0.0,0.048724130089098816,0.0,12.566370614359172,0.0
1.1311311311311312,0.9970334197774522,0.0,-0.07696986322194155,0.0,12.566370614359172,0.0
1.1411411411411412,0.9794992993798817,0.0,-0.2014475676493141,0.0,12.566370614359172,0.0
1.1511511511511512,0.9464869897336399,0.0,-0.3227419685483051,0.0,12.566370614359172,0.0
1.1611611611611612,0.898518156118696,0.0,-0.4389363542958356,0.0,12.566370614359172,0.0
1.1711711711711712,0.8363508089646651,0.0,-0.5481946044440693,0.0,12.566370614359172,0.0
1.1811811811811812,0.7609673256606346,0.0,-0.6487902043606382,0.0,12.566370614359172,0.0
1.1911911911911912,0.6735589268859286,0.0,-0.7391335278619632,0.0,12.566370614359172,0.0
1.2012012012012012,0.5755068527690645,0.0,-0.8177969567155527,0.0,12.566370614359172,0.0
1.2112112112112112,0.4683605363319619,0.0,-0.8835374400692869,0.0,12.566370614359172,0.0
1.2212212212212212,0.35381311912577995,0.0,-0.935316137320327,0.0,12.566370614359172,0.0
1.2312312312312312,0.23367469596384477,0.0,-0.9723148340242028,0.0,12.566370614359172,0.0
1.2412412412412412,0.1098437115422524,0.0,-0.9939488714375146,0.0,12.566370614359172,0.0
1.2512512512512513,-0.015723039057121857,0.0,-0.9998763853797492,0.0,12.566370614359172,0.0
1.2612612612612613,-0.14104133192482923,0.0,-0.9900037084203841,0.0,12.566370614359172,0.0
1.2712712712712713,-0.26413086931634383,0.0,-0.9644868500251386,0.0,12.566370614359172,0.0
1.2812812812812813,-0.383046572602734,0.0,-0.9237290312718867,0.0,12.566370614359172,0.0
1.2912912912912913,-0.4959093186837886,0.0,-0.868374313093011,0.0,12.566370614359172,0.0
1.3013013013013013,-0.6009356341623614,0.0,-0.799297418731624,0.0,12.566370614359172,0.0
1.3113113113113113,-0.6964658780483088,0.0,-0.7175899112386773,0.0,12.566370614359172,0.0
1.3213213213213213,-0.7809904676448652,0.0,-0.6245429444361433,0.0,12.566370614359172,0.0
1.3313313313313313,-0.8531737331922156,0.0,-0.5216268599180349,0.0,12.566370614359172,0.0
1.3413413413413413,-0.9118750243137482,0.0,-0.41046795250039975,0.0,12.566370614359172,0.0
1.3513513513513513,-0.9561667347378761,0.0,-0.2928227712759987,0.0,12.566370614359172,0.0
1.3613613613613613,-0.9853489604661727,0.0,-0.17055036237211174,0.0,12.566370614359172,0.0
1.3713713713713713,-0.9989605597573369,0.0,-0.04558289203541588,0.0,12.566370614359172,0.0
1.3813813813813813,-0.9967864401555201,0.0,0.08010488573781382,0.0,12.566370614359172,0.0
1.3913913913913913,-0.9788609574123476,0.0,0.2045268345492658,0.0,12.566370614359172,0.0
1.4014014014014013,-0.9454673725923742,0.0,0.3257168208125137,0.0,12.566370614359172,0.0
1.4114114114114114,-0.8971333759408742,0.0,0.4417597828796176,0.0,12.566370614359172,0.0
1.4214214214214214,-0.8346227482464506,0.0,0.5508219931215862,0.0,12.566370614359172,0.0
1.4314314314314314,-0.7589232914668188,0.0,0.651180034756935,0.0,12.566370614359172,0.0
1.4414414414414414,-0.6712312193397512,0.0,0.741248035532319,0.0,12.566370614359172,0.0
1.4514514514514514,-0.5729322546410072,0.0,0.8196027279046851,0.0,12.566370614359172,0.0
1.4614614614614614,-0.4655797317931019,0.0,0.8850059397203336,0.0,12.566370614359172,0.0
1.4714714714714714,-0.350870050850649,0.0,0.9364241599899312,0.0,12.566370614359172,0.0
1.4814814814814814,-0.2306158707419459,0.0,0.973044870578278,0.0,12.566370614359172,0.0
1.4914914914914914,-0.10671746537106253,0.0,0.9942893857331065,0.0,12.566370614359172,0.0
1.5015015015015014,0.018867304784558007,0.0,0.9998219965608314,0.0,12.566370614359172,0.0
1.5115115115115114,0.1441539310678394,0.0,0.989555275946921,0.0,12.566370614359172,0.0
1.5215215215215214,0.26716261613419173,0.0,0.9636514600917756,0.0,12.566370614359172,0.0
1.5315315315315314,0.3859495589947909,0.0,0.9225198848308805,0.0,12.566370614359172,0.0
1.5415415415415414,0.4986376712402515,0.0,0.8668105172508763,0.0,12.566370614359172,0.0
1.5515515515515514,0.6034462390624935,0.0,0.7974036848158798,0.0,12.566370614359172,0.0
1.5615615615615615,0.6987190623512549,0.0,0.7153961643058845,0.0,12.566370614359172,0.0
1.5715715715715715,0.7829506262071866,0.0,0.6220838503918433,0.0,12.566370614359172,0.0
1.5815815815815815,0.8548098913055044,0.0,0.5189412777211088,0.0,12.566370614359172,0.0
1.5915915915915915,0.9131613271714383,0.0,0.4075983201081929,0.0,12.566370614359172,0.0
1.6016016016016015,0.957082855996626,0.0,0.2898144350335972,0.0,12.566370614359172,0.0
1.6116116116116117,0.9858804234456777,0.0,0.16745086044285112,0.0,12.566370614359172,0.0
1.6216216216216217,0.9990989662029162,0.0,0.04244120319597389,0.0,12.566370614359172,0.0
1.6316316316316317,0.9965296029485525,0.0,-0.08323911606712087,0.0,12.566370614359172,0.0
1.6416416416416417,0.9782129351314347,0.0,-0.20760407880857495,0.0,12.566370614359172,0.0
1.6516516516516517,0.9444384053790947,0.0,-0.3286884519440625,0.0,12.566370614359172,0.0
1.6616616616616617,0.8957397236835898,0.0,-0.4445788427395254,0.0,12.566370614359172,0.0
1.6716716716716717,0.8328864336392044,0.0,-0.5534439345192199,0.0,12.566370614359172,0.0
1.6816816816816818,0.7568717520035462,0.0,-0.653563425396042,0.0,12.566370614359172,0.0
1.6916916916916918,0.6688968737430427,0.0,-0.7433552127301505,0.0,12.566370614359172,0.0
1.7017017017017018,0.5703519905767763,0.0,-0.821400393743143,0.0,12.566370614359172,0.0
1.7117117117117118,0.46279432296636575,0.0,-0.8864656872244759,0.0,12.566370614359172,0.0
1.7217217217217218,0.3479235126935599,0.0,-0.9375229220190893,0.0,12.566370614359172,0.0
1.7317317317317318,0.227554764875582,0.0,-0.9737652843363402,0.0,12.566370614359172,0.0
1.7417417417417418,0.10359016383197311,0.0,-0.9946200671379287,0.0,12.566370614359172,0.0
1.7517517517517518,-0.022011383926252556,0.0,-0.9997577201371449,0.0,12.566370614359172,0.0
1.7617617617617618,-0.1472651046199219,0.0,-0.9890970574000469,0.0,12.566370614359172,0.0
1.7717717717717718,-0.2701917208833195,0.0,-0.9628065402573026,0.0,12.566370614359172,0.0
1.7817817817817818,-0.3888487285906863,0.0,-0.9213016152539357,0.0,12.566370614359172,0.0
1.7917917917917918,-0.501361092586675,0.0,-0.8652381492030837,0.0,12.566370614359172,0.0
1.8018018018018018,-0.6059508762624003,0.0,-0.795502065083988,0.0,12.566370614359172,0.0
1.8118118118118118,-0.7009653367662487,0.0,-0.7131953425592582,0.0,12.566370614359172,0.0
1.8218218218218218,-0.7849030418848746,0.0,-0.6196186043332519,0.0,12.566370614359172,0.0
1.8318318318318318,-0.8564375958916578,0.0,-0.5162505635244494,0.0,12.566370614359172,0.0
1.8418418418418419,-0.9144385994433449,0.0,-0.40472465682741127,0.0,12.566370614359172,0.0
1.8518518518518519,-0.9579895123135633,0.0,-0.28680323271046115,0.0,12.566370614359172,0.0
1.8618618618618619,-0.9864021366937142,0.0,-0.16434970253092296,0.0,12.566370614359172,0.0
1.8718718718718719,-0.9992274921940358,0.0,-0.03929909464000253,0.0,12.566370614359172,0.0
1.8818818818818819,-0.9962629106965,0.0,0.08637252321439798,0.0,12.566370614359172,0.0
1.8918918918918919,-0.9775552389456537,0.0,0.2106792699953361,0.0,12.566370614359172,0.0
1.901901901901902,-0.9434000982696036,0.0,0.3316568325554927,0.0,12.566370614359172,0.0
1.911911911911912,-0.8943372131291367,0.0,0.44739350599693245,0.0,12.566370614359172,0.0
1.921921921921922,-0.8311418823139213,0.0,0.5560604027077165,0.0,12.566370614359172,0.0
1.931931931931932,-0.7548127275591741,0.0,0.6559403527078158,0.0,12.566370614359172,0.0
1.941941941941942,-0.6665559131809226,0.0,0.7454550386168829,0.0,12.566370614359172,0.0
1.951951951951952,-0.5677660860934585,0.0,0.8231899364532133,0.0,12.566370614359172,0.0
1.961961961961962,-0.4600043373975838,0.0,0.8879166681457881,0.0,12.566370614359172,0.0
1.971971971971972,-0.34497353379380413,0.0,0.9386124125417802,0.0,12.566370614359172,0.0
1.981981981981982,-0.22449140863704195,0.0,0.9744760681739807,0.0,12.566370614359172,0.0
1.991991991991992,-0.10046183785190403,0.0,0.9949409123817654,0.0,12.566370614359172,0.0
2.002002002002002,0.025155245389368964,0.0,0.9996835567443435,0.0,12.566370614359172,0.0
2.012012012012012,0.15037482181365397,0.0,0.9886290573112395,0.0,12.566370614359172,0.0
2.022022022022022,0.2732181536079095,0.0,0.9619520988774136,0.0,12.566370614359172,0.0
2.032032032032032,0.3917440527195738,0.0,0.9200742345889262,0.0,12.566370614359172,0.0
2.042042042042042,0.5040795557902447,0.0,0.8636572244993045,0.0,12.566370614359172,0.0
2.052052052052052,0.6084495209928952,0.0,0.7935925783416997,0.0,12.566370614359172,0.0
2.062062062062062,0.703204679079139,0.0,0.7109874677634576,0.0,12.566370614359172,0.0
2.0720720720720722,0.786847695369844,0.0,0.6171472306400083,0.0,12.566370614359172,0.0
2.0820820820820822,0.858056830853766,0.0,0.5135547439374272,0.0,12.566370614359172,0.0
2.0920920920920922,0.9157068284981007,0.0,0.40184699107667005,0.0,12.566370614359172,0.0
2.1021021021021022,0.9588866947224651,0.0,0.28378919408537673,0.0,12.566370614359172,0.0
2.1121121121121122,0.9869140950508921,0.0,0.16124691930470647,0.0,12.566370614359172,0.0
2.1221221221221223,0.9993461364596642,0.0,0.03615659744085725,0.0,12.566370614359172,0.0
2.1321321321321323,0.9959863660367746,0.0,-0.08950507619233916,0.0,12.566370614359172,0.0
2.1421421421421423,0.9768878753591858,0.0,-0.21375237769795846,0.0,12.566370614359172,0.0
2.1521521521521523,0.942352461532071,0.0,-0.3346219332914982,0.0,12.566370614359172,0.0
2.1621621621621623,0.8929258581474152,0.0,-0.45020374481669234,0.0,12.566370614359172,0.0
2.1721721721721723,0.8293891115230582,0.0,-0.5586713718119458,0.0,12.566370614359172,0.0
2.1821821821821823,0.7527462384960919,0.0,-0.6583107931860241,0.0,12.566370614359172,0.0
2.1921921921921923,0.6642083608039431,0.0,-0.7475474924266314,0.0,12.566370614359172,0.0
2.2022022022022023,0.5651745667639418,0.0,-0.8249713383375052,0.0,12.566370614359172,0.0
2.2122122122122123,0.45720980267787303,0.0,-0.8893588681350304,0.0,12.566370614359172,0.0
2.2222222222222223,0.3420201433247286,0.0,-0.9396926207836648,0.0,12.566370614359172,0.0
2.2322322322322323,0.22142583232090204,0.0,-0.9751772150620187,0.0,12.566370614359172,0.0
2.2422422422422423,0.09733251836794161,0.0,-0.9952519182916711,0.0,12.566370614359172,0.0
2.2522522522522523,-0.028298858083174557,0.0,-0.9995995071158565,0.0,12.566370614359172,0.0
2.2622622622622623,-0.15348305189596434,0.0,-0.9881512803087157,0.0,12.566370614359172,0.0
2.2722722722722724,-0.27624188437851516,0.0,-0.9610881444019787,0.0,12.566370614359172,0.0
2.2822822822822824,-0.3946355027485801,0.0,-0.91883775497385,0.0,12.566370614359172,0.0
2.2922922922922924,-0.5067930339671208,0.0,-0.8620677587738612,0.0,12.566370614359172,0.0
2.3023023023023024,-0.6109421485439958,0.0,-0.7916752434726072,0.0,12.566370614359172,0.0
2.3123123123123124,-0.7054370671442705,0.0,-0.7087725617529463,0.0,12.566370614359172,0.0
2.3223223223223224,-0.7887845674307173,0.0,-0.6146697537524183,0.0,12.566370614359172,0.0
2.3323323323323324,-0.8596675801786277,0.0,-0.5108538456199808,0.0,12.566370614359172,0.0
2.3423423423423424,-0.9169660017937242,0.0,-0.3989653513142598,0.0,12.566370614359172,0.0
2.3523523523523524,-0.9597743943507628,0.0,-0.28077234896528475,0.0,12.566370614359172,0.0
2.3623623623623624,-0.987416293454263,0.0,-0.15814254144878465,0.0,12.566370614359172,0.0
2.3723723723723724,-0.9994548978264826,0.0,-0.0330137426758772,0.0,12.566370614359172,0.0
2.3823823823823824,-0.9956999717042309,0.0,0.09263674402193711,0.0,12.566370614359172,0.0
2.3923923923923924,-0.9762108509718437,0.0,0.21682337152530068,0.0,12.566370614359172,0.0
2.4024024024024024,-0.9412955055269799,0.0,0.3375837248290495,0.0,12.566370614359172,0.0
2.4124124124124124,-0.8915056726958638,0.0,0.4530095314072556,0.0,12.566370614359172,0.0
2.4224224224224224,-0.827628138600454,0.0,0.5612768160110051,0.0,12.566370614359172,0.0
2.4324324324324325,-0.7506723052506278,0.0,0.6606747233884391,0.0,12.566370614359172,0.0
2.4424424424424425,-0.6618542398279869,0.0,0.7496325534662818,0.0,12.566370614359172,0.0
2.4524524524524525,-0.5625774582168036,0.0,0.8267445817790153,0.0,12.566370614359172,0.0
2.4624624624624625,-0.4544107464435199,0.0,0.8907922729296992,0.0,12.566370614359172,0.0
2.4724724724724725,-0.3390633704936179,0.0,0.9407635360621194,0.0,12.566370614359172,0.0
2.4824824824824825,-0.21835806624390772,0.0,0.9758687180665205,0.0,12.566370614359172,0.0
2.4924924924924925,-0.09420223632722267,0.0,0.9955530817919761,0.0,12.566370614359172,0.0
2.5025025025025025,0.0314421909191807,0.0,0.9995055720828827,0.0,12.566370614359172,0.0
2.5125125125125125,0.15658976412827047,0.0,0.9876637311174078,0.0,12.566370614359172,0.0
2.5225225225225225,0.2792628832921973,0.0,0.9602146853750019,0.0,12.566370614359172,0.0
2.5325325325325325,0.3975230500829419,0.0,0.9175921886367703,0.0,12.566370614359172,0.0
2.5425425425425425,0.5095015002825768,0.0,0.8604697677456452,0.0,12.566370614359172,0.0
2.5525525525525525,0.6134287342650586,0.0,0.7897500794380383,0.0,12.566370614359172,0.0
2.5625625625625625,0.7076624788846174,0.0,0.7065506464318578,0.0,12.566370614359172,0.0
2.5725725725725725,0.7907136389129515,0.0,0.6121861981712869,0.0,12.566370614359172,0.0
2.5825825825825826,0.8612698279368656,0.0,0.5081478952824223,0.0,12.566370614359172,0.0
2.5925925925925926,0.9182161068777223,0.0,0.3960797660379166,0.0,12.566370614359172,0.0
2.6026026026026026,0.9606526024196225,0.0,0.27775272718501987,0.0,12.566370614359172,0.0
2.6126126126126126,0.9879087269373753,0.0,0.1550365996636337,0.0,12.566370614359172,0.0
2.6226226226226226,0.9995537752189017,0.0,0.029870561426047382,0.0,12.566370614359172,0.0
2.6326326326326326,0.9954037305311366,0.0,-0.09576749573284543,0.0,12.566370614359172,0.0
2.6426426426426426,0.9755241724789953,0.0,-0.2198922211070546,0.0,12.566370614359172,0.0
2.6526526526526526,0.9402292407069943,0.0,-0.34054217787779156,0.0,12.566370614359172,0.0
2.6626626626626626,0.8900766708192652,0.0,-0.455810838021072,0.0,12.566370614359172,0.0
2.6726726726726726,0.8258589809610698,0.0,-0.5638767095386187,0.0,12.566370614359172,0.0
2.6826826826826826,0.7485909483327258,0.0,-0.6630321199372201,0.0,12.566370614359172,0.0
2.6926926926926926,0.6594935735338777,0.0,-0.7517102011158473,0.0,12.566370614359172,0.0
2.7027027027027026,0.5599747861358582,0.0,-0.8285096492414494,0.0,12.566370614359172,0.0
2.7127127127127126,0.45160719637546903,0.0,-0.892216868354301,0.0,12.566370614359172,0.0
2.7227227227227226,0.33610324454112633,0.0,-0.9418251477864527,0.0,12.566370614359172,0.0
2.7327327327327327,0.21528814074435693,0.0,-0.976550570348951,0.0,12.566370614359172,0.0
2.7427427427427427,0.09107102268627809,0.0,-0.995844399904361,0.0,12.566370614359172,0.0
2.7527527527527527,-0.03458521281180094,0.0,-0.9994017525743798,0.0,12.566370614359172,0.0
2.7627627627627627,-0.1596949277871515,0.0,-0.9871664145588694,0.0,12.566370614359172,0.0
2.7727727727727727,-0.282281120473196,0.0,-0.9593317304344375,0.0,12.566370614359172,0.0
2.7827827827827827,-0.4004066661666602,0.0,-0.9163375478955416,0.0,12.566370614359172,0.0
2.7927927927927927,-0.5122049279516185,0.0,-0.8588632672177617,0.0,12.566370614359172,0.0
2.8028028028028027,-0.6159092535653531,0.0,-0.7878171052766235,0.0,12.566370614359172,0.0
2.8128128128128127,-0.7098808922922983,0.0,-0.7043217437734952,0.0,12.566370614359172,0.0
2.8228228228228227,-0.7926348907392831,0.0,-0.6096965884573651,0.0,12.566370614359172,0.0
2.8328328328328327,-0.8628635582832945,0.0,-0.5054369196848348,0.0,12.566370614359172,0.0
2.8428428428428427,-0.9194571313873747,0.0,-0.39319026378418986,0.0,12.566370614359172,0.0
2.8528528528528527,-0.9615213102441446,0.0,-0.2747303586066568,0.0,12.566370614359172,0.0
2.8628628628628627,-0.9883913906303883,0.0,-0.15192912466497044,0.0,12.566370614359172,0.0
2.8728728728728727,-0.9996427676590904,0.0,-0.026727084775351906,0.0,12.566370614359172,0.0
2.8828828828828827,-0.9950976454471215,0.0,0.09889730036400574,0.0,12.566370614359172,0.0
2.8928928928928928,-0.9748278466714345,0.0,0.2229588960943374,0.0,12.566370614359172,0.0
2.9029029029029028,-0.9391536776167627,0.0,0.34349726318059504,0.0,12.566370614359172,0.0
2.9129129129129128,-0.8886388666494939,0.0,0.45860763695508827,0.0,12.566370614359172,0.0
2.9229229229229228,-0.8240816561006921,0.0,0.5664710266835769,0.0,12.566370614359172,0.0
2.932932932932933,-0.7465021883256132,0.0,0.6653829595192933,0.0,12.566370614359172,0.0
2.942942942942943,-0.6571263852670237,0.0,0.7537804148287854,0.0,12.566370614359172,0.0
2.952952952952953,-0.5573665762597874,0.0,0.8302665232694749,0.0,12.566370614359172,0.0
2.962962962962963,-0.4487991801989491,0.0,0.8936326403205449,0.0,12.566370614359172,0.0
2.972972972972973,-0.3331397947409124,0.0,0.9428774454580392,0.0,12.566370614359172,0.0
2.982982982982983,-0.21221608618175145,0.0,0.9772227651662504,0.0,12.566370614359172,0.0
2.992992992992993,-0.08793890841070806,0.0,0.9961258697478872,0.0,12.566370614359172,0.0
3.003003003003003,0.0377278926786589,0.0,0.9992880496170546,0.0,12.566370614359172,0.0
3.013013013013013,0.16279851216462313,0.0,0.9866593355512289,0.0,12.566370614359172,0.0
3.023023023023023,0.2852965660731709,0.0,0.9584392883121197,0.0,12.566370614359172,0.0
3.033033033033033,0.4032863224827061,0.0,0.9150738451577219,0.0,12.566370614359172,0.0
3.043043043043043,0.5149032902391592,0.0,0.8572482730774266,0.0,12.566370614359172,0.0
3.053053053053053,0.6183836819142073,0.0,0.7858763401041848,0.0,12.566370614359172,0.0
3.063063063063063,0.7120922854286926,0.0,0.702085875820216,0.0,12.566370614359172,0.0
3.073073073073073,0.7945483039098206,0.0,0.6072009492312279,0.0,12.566370614359172,0.0
3.083083083083083,0.8644487554569907,0.0,0.5027209456369555,0.0,12.566370614359172,0.0
3.093093093093093,0.9206890630497814,0.0,0.3902968731283262,0.0,12.566370614359172,0.0
3.103103103103103,0.9623805092333909,0.0,0.27170527311940457,0.0,12.566370614359172,0.0
3.113113113113113,0.9888642797600823,0.0,0.1488201471836506,0.0,12.566370614359172,0.0
3.123123123123123,0.9997218742669758,0.0,0.02358334381068017,0.0,12.566370614359172,0.0
3.133133133133133,0.9947817194791658,0.0,-0.10202612696373392,0.0,12.566370614359172,0.0
3.143143143143143,0.9741218804353637,0.0,-0.22602336615977336,0.0,12.566370614359172,0.0
3.153153153153153,0.9380688268928931,0.0,-0.34644895151363003,0.0,12.566370614359172,0.0
3.163163163163163,0.8871922744054828,0.0,-0.4613999005508203,0.0,12.566370614359172,0.0
3.173173173173173,0.8222961815958894,0.0,-0.569059741789804,0.0,12.566370614359172,0.0
3.183183183183183,0.7444060458857471,0.0,-0.6677272188864127,0.0,12.566370614359172,0.0
3.193193193193193,0.6547526984373546,0.0,-0.755843174132053,0.0,12.566370614359172,0.0
3.203203203203203,0.5547528543820676,0.0,-0.8320151864887693,0.0,12.566370614359172,0.0
3.2132132132132134,0.4459867256833864,0.0,-0.8950395748273833,0.0,12.566370614359172,0.0
3.2232232232232234,0.3301730503995404,0.0,-0.9439204186703518,0.0,12.566370614359172,0.0
3.2332332332332334,0.20914193293668726,0.0,-0.9778852958708572,0.0,12.566370614359172,0.0
3.2432432432432434,0.08480592447506186,0.0,-0.9963974885390048,0.0,12.566370614359172,0.0
3.2532532532532534,-0.04087019944071629,0.0,-0.9991644643353568,0.0,12.566370614359172,0.0
3.2632632632632634,-0.16590048656827247,0.0,-0.9861424991091667,0.0,12.566370614359172,0.0
3.2732732732732734,-0.2883091902713392,0.0,-0.9575373678337182,0.0,12.566370614359172,0.0
3.2832832832832834,-0.4061619905531591,0.0,-0.9138010929205078,0.0,12.566370614359172,0.0
3.2932932932932935,-0.5175965604601523,0.0,-0.8556248012958819,0.0,12.566370614359172,0.0
3.3033033033033035,-0.6208519948411293,0.0,-0.7839278031136324,0.0,12.566370614359172,0.0
3.3133133133133135,-0.7142966364245489,0.0,-0.6998430646833113,0.0,12.566370614359172,0.0
3.3233233233233235,-0.796453859502136,0.0,-0.6046993051731443,0.0,12.566370614359172,0.0
3.3333333333333335,-0.8660254037813666,0.0,-0.4999999999980308,0.0,12.566370614359172,0.0
3.3433433433433435,-0.921911889681921,0.0,-0.3873996226841191,0.0,12.566370614359172,0.0
3.3533533533533535,-0.9632301908904269,0.0,-0.2686775006394434,0.0,12.566370614359172,0.0
3.3633633633633635,-0.9893273896498803,0.0,-0.14570969796550398,0.0,12.566370614359172,0.0
3.3733733733733735,-0.9997910942602419,0.0,-0.020439369621661874,0.0,12.566370614359172,0.0
3.3833833833833835,-0.9944559557515802,0.0,0.10515394458988325,0.0,12.566370614359172,0.0
3.3933933933933935,-0.9734062807523508,0.0,0.22908560099765074,0.0,12.566370614359172,0.0
3.4034034034034035,-0.93697469926389,0.0,0.3493972136865152,0.0,12.566370614359172,0.0
3.4134134134134135,-0.8857369083931421,0.0,0.4641876011944892,0.0,12.566370614359172,0.0
3.4234234234234235,-0.8205025751039159,0.0,0.571642829256483,0.0,12.566370614359172,0.0
3.4334334334334335,-0.742302541742705,0.0,0.670064874855272,0.0,12.566370614359172,0.0
3.4434434434434436,-0.6523725365192022,0.0,0.7578984586262015,0.0,12.566370614359172,0.0
3.4534534534534536,-0.5521336463508402,0.0,0.8337556216060993,0.0,12.566370614359172,0.0
3.4634634634634636,-0.44316986064229236,0.0,0.8964376579610637,0.0,12.566370614359172,0.0
3.4734734734734736,-0.32720304085636603,0.0,0.9449540571089956,0.0,12.566370614359172,0.0
3.4834834834834836,-0.20606571141074007,0.0,0.9785381559107276,0.0,12.566370614359172,0.0
3.4934934934934936,-0.08167210186272524,0.0,0.9966592535915596,0.0,12.566370614359172,0.0
3.5035035035035036,0.04401210202238144,0.0,0.9990309979514698,0.0,12.566370614359172,0.0
3.5135135135135136,0.1690008203213644,0.0,0.9856159103438937,0.0,12.566370614359172,0.0
3.5235235235235236,0.2913189632745829,0.0,0.956625977918704,0.0,12.566370614359172,0.0
3.5335335335335336,0.40903364193931463,0.0,0.9125193037706837,0.0,12.566370614359172,0.0
3.5435435435435436,0.5202847119797009,0.0,0.853992867928328,0.0,12.566370614359172,0.0
3.5535535535535536,0.6233141679359194,0.0,0.7819715135748755,0.0,12.566370614359172,0.0
3.5635635635635636,0.7164939234801012,0.0,0.6975933325428922,0.0,12.566370614359172,0.0
3.5735735735735736,0.7983515386713796,0.0,0.6021916810229329,0.0,12.566370614359172,0.0
3.5835835835835836,0.8675934876642777,0.0,0.49727410967664315,0.0,12.566370614359172,0.0
3.5935935935935936,0.9231255991907429,0.0,0.38449854110369946,0.0,12.566370614359172,0.0
3.6036036036036037,0.9640703468123912,0.0,0.26564707110968677,0.0,12.566370614359172,0.0
3.6136136136136137,0.9897807157198931,0.0,0.14259780777106335,0.0,12.566370614359172,0.0
3.6236236236236237,0.999850426954341,0.0,0.017295193300365774,0.0,12.566370614359172,0.0
3.6336336336336337,0.9941203574859739,0.0,-0.10828072231017133,0.0,12.566370614359172,0.0
3.6436436436436437,0.9726810546992525,0.0,-0.2321455703242707,0.0,12.566370614359172,0.0
3.6536536536536537,0.9358713055500251,0.0,-0.35234202054268315,0.0,12.566370614359172,0.0
3.6636636636636637,0.8842727830051729,0.0,-0.4669707113173946,0.0,12.566370614359172,0.0
3.6736736736736737,0.8187008543624642,0.0,-0.5742202635384233,0.0,12.566370614359172,0.0
3.6836836836836837,0.7401916966988759,0.0,-0.6723959043078584,0.0,12.566370614359172,0.0
3.6936936936936937,0.6499859230509258,0.0,-0.7599462479857091,0.0,12.566370614359172,0.0
3.7037037037037037,0.5495089780684778,0.0,-0.8354878114096198,0.0,12.566370614359172,0.0
3.7137137137137137,0.4403486129327228,0.0,-0.8978268758954057,0.0,12.566370614359172,0.0
3.7237237237237237,0.3242297954829389,0.0,-0.9459783505519282,0.0,12.566370614359172,0.0
3.7337337337337337,0.20298745202581922,0.0,-0.979181338829483,0.0,12.566370614359172,0.0
3.7437437437437437,0.07853747156523505,0.0,-0.9969111623168591,0.0,12.566370614359172,0.0
3.7537537537537538,-0.04715356935222312,0.0,-0.9988876517852917,0.0,12.566370614359172,0.0
3.7637637637637638,-0.17209948276356804,0.0,-0.9850795744630377,0.0,12.566370614359172,0.0
3.7737737737737738,-0.29432585531816924,0.0,-0.9557051275801407,0.0,12.566370614359172,0.0
3.7837837837837838,-0.4119012482423838,0.0,-0.9112284903843212,0.0,12.566370614359172,0.0
3.793793793793794,-0.5229677182137203,0.0,-0.852352489113533,0.0,12.566370614359172,0.0
3.803803803803804,-0.6257701768492814,0.0,-0.7800074908343492,0.0,12.566370614359172,0.0
3.813813813813814,-0.7186841248656095,0.0,-0.6953367016473451,0.0,12.566370614359172,0.0
3.823823823823824,-0.8002413226507437,0.0,-0.5996781015793575,0.0,12.566370614359172,0.0
3.833833833833834,-0.8691529915984015,0.0,-0.4945433016300601,0.0,12.566370614359172,0.0
3.843843843843844,-0.9243301795734581,0.0,-0.3815936570768552,0.0,12.566370614359172,0.0
3.853853853853854,-0.964900968690696,0.0,-0.2626140144990833,0.0,12.566370614359172,0.0
3.863863863863864,-0.9902242534870261,0.0,-0.13948450737486318,0.0,12.566370614359172,0.0
3.873873873873874,-0.9998998717625128,0.0,-0.01415084594060928,0.0,12.566370614359172,0.0
3.883883883883884,-0.9937749280011917,0.0,0.11140642920284621,0.0,12.566370614359172,0.0
3.893893893893894,-0.971946209448072,0.0,0.23520324387857672,0.0,12.566370614359172,0.0
3.903903903903904,-0.9347586566631269,0.0,0.35528334295996106,0.0,12.566370614359172,0.0
3.913913913913914,-0.8827999127207973,0.0,0.46974920339643905,0.0,12.566370614359172,0.0
3.923923923923924,-0.8168910371893469,0.0,0.576792019146527,0.0,12.566370614359172,0.0
3.933933933933934,-0.7380735316291022,0.0,0.6747202841918548,0.0,12.566370614359172,0.0
3.943943943943944,-0.6475928816345318,0.0,0.7619865219593152,0.0,12.566370614359172,0.0
3.953953953953954,-0.5468788754911871,0.0,0.837211738769138,0.0,12.566370614359172,0.0
3.963963963963964,-0.43752301045492664,0.0,0.8992072148919763,0.0,12.566370614359172,0.0
3.973973973973974,-0.32125334368266245,0.0,0.9469932888695748,0.0,12.566370614359172,0.0
3.983983983983984,-0.19990718522384562,0.0,0.9798148382664768,0.0,12.566370614359172,0.0
3.993993993993994,-0.07540206458198276,0.0,0.997153212223696,0.0,12.566370614359172,0.0
4.004004004004004,0.05029457036324118,0.0,0.9987344272544209,0.0,12.566370614359172,0.0
4.014014014014014,0.17519644325119424,0.0,0.9845334967706016,0.0,12.566370614359172,0.0
4.024024024024024,0.29732983666595625,0.0,0.9547748259246216,0.0,12.566370614359172,0.0
4.034034034034034,0.4147647811036665,0.0,0.9099286655267004,0.0,12.566370614359172,0.0
4.044044044044044,0.525645552629081,0.0,0.8507036810737452,0.0,12.566370614359172,0.0
4.054054054054054,0.6282199972929365,0.0,0.7780357543149243,0.0,12.566370614359172,0.0
4.064064064064064,0.7208672189214534,0.0,0.6930731943132399,0.0,12.566370614359172,0.0
4.074074074074074,0.8021231927515339,0.0,0.5971585917000379,0.0,12.566370614359172,0.0
4.084084084084084,0.8707039001612925,0.0,0.4918076028641474,0.0,12.566370614359172,0.0
4.094094094094094,0.9255256189175767,0.0,0.3786849993309477,0.0,12.566370614359172,0.0
4.104104104104104,0.96572204831105,0.0,0.2595783608025357,0.0,12.566370614359172,0.0
4.114114114114114,0.9906579985649903,0.0,0.1363698275653652,0.0,12.566370614359172,0.0
4.124124124124124,0.9999394281957842,0.0,0.011006358637889124,0.0,12.566370614359172,0.0
4.134134134134134,0.9934196707133035,0.0,-0.11453103435675183,0.0,12.566370614359172,0.0
4.1441441441441444,0.9712017522659422,0.0,-0.23825859142221445,0.0,12.566370614359172,0.0
4.1541541541541545,0.9336367636065547,0.0,-0.35822115185062803,0.0,12.566370614359172,0.0
4.1641641641641645,0.8813183121057262,0.0,-0.47252304995418437,0.0,12.566370614359172,0.0
4.1741741741741745,0.8150731414824569,0.0,-0.5793580706478403,0.0,12.566370614359172,0.0
4.1841841841841845,0.7359480674806345,0.0,-0.6770379915206876,0.0,12.566370614359172,0.0
4.1941941941941945,0.645193435935617,0.0,-0.7640192603700632,0.0,12.566370614359172,0.0
4.2042042042042045,0.544243364628945,0.0,-0.8389273866361553,0.0,12.566370614359172,0.0
4.2142142142142145,0.4346930811522477,0.0,-0.9005786613001374,0.0,12.566370614359172,0.0
4.2242242242242245,0.3182737148906827,0.0,-0.9479988620248683,0.0,12.566370614359172,0.0
4.2342342342342345,0.19682494146662982,0.0,-0.9804386479568199,0.0,12.566370614359172,0.0
4.2442442442442445,0.0722659119200812,0.0,-0.9973854009183593,0.0,12.566370614359172,0.0
4.2542542542542545,-0.053435073992982585,0.0,-0.9985713258741511,0.0,12.566370614359172,0.0
4.2642642642642645,-0.1782916711573187,0.0,-0.9839776826669414,0.0,12.566370614359172,0.0
4.2742742742742745,-0.3003308776105183,0.0,-0.9538350821522282,0.0,12.566370614359172,0.0
4.2842842842842845,-0.4176242122046763,0.0,-0.908619842052249,0.0,12.566370614359172,0.0
4.2942942942942945,-0.5283181887437276,0.0,-0.8490464601146133,0.0,12.566370614359172,0.0
4.3043043043043046,-0.6306636050397344,0.0,-0.7760563235158083,0.0,12.566370614359172,0.0
4.314314314314315,-0.7230431840582294,0.0,-0.6908028329252152,0.0,12.566370614359172,0.0
4.324324324324325,-0.803997130363253,0.0,-0.5946331763013212,0.0,12.566370614359172,0.0
4.334334334334335,-0.8722461980154472,0.0,-0.4890670404332308,0.0,12.566370614359172,0.0
4.344344344344345,-0.9267119054009564,0.0,-0.375772596630767,0.0,12.566370614359172,0.0
4.354354354354355,-0.9665335775534902,0.0,-0.25654014004075426,0.0,12.566370614359172,0.0
4.364364364364365,-0.9910819466643169,0.0,-0.13325379914480845,0.0,12.566370614359172,0.0
4.374374374374375,-0.9999690958629662,0.0,-0.007861762489232371,0.0,12.566370614359172,0.0
4.384384384384385,-0.9930545891355841,0.0,0.11765450687147239,0.0,12.566370614359172,0.0
4.394394394394395,-0.9704476905150865,0.0,0.24131158273967362,0.0,12.566370614359172,0.0
4.404404404404405,-0.932505637475145,0.0,0.36115541816154845,0.0,12.566370614359172,0.0
4.414414414414415,-0.8798279958120881,0.0,0.47529222355897194,0.0,12.566370614359172,0.0
4.424424424424425,-0.813247185219683,0.0,0.5819183926656628,0.0,12.566370614359172,0.0
4.434434434434435,-0.7338153252730346,0.0,0.6793490033736225,0.0,12.566370614359172,0.0
4.444444444444445,-0.6427876096832633,0.0,0.7660444431153836,0.0,12.566370614359172,0.0
4.454454454454455,-0.5416024715453855,0.0,0.8406347380439315,0.0,12.566370614359172,0.0
4.464464464464465,-0.431858853011011,0.0,0.9019412015570923,0.0,12.566370614359172,0.0
4.474474474474475,-0.3152909385737733,0.0,0.9489950600732783,0.0,12.566370614359172,0.0
4.484484484484485,-0.1937407512357559,0.0,0.9810527617313959,0.0,12.566370614359172,0.0
4.494494494494495,-0.06912904459425107,0.0,0.9976077261046339,0.0,12.566370614359172,0.0
4.504504504504505,0.05657504918370625,0.0,0.9983983492574554,0.0,12.566370614359172,0.0
4.514514514514515,0.18138513587194388,0.0,0.9834121376487304,0.0,12.566370614359172,0.0
4.524524524524525,0.30332894847330677,0.0,0.9528859055564758,0.0,12.566370614359172,0.0
4.534534534534535,0.42047951326730015,0.0,0.9073020329044679,0.0,12.566370614359172,0.0
4.544544544544545,0.5309856001268396,0.0,0.8473808426250876,0.0,12.566370614359172,0.0
4.554554554554555,0.6331009759238109,0.0,0.77406921801242,0.0,12.566370614359172,0.0
4.564564564564565,0.7252119987569032,0.0,0.6885256399358246,0.0,12.566370614359172,0.0
4.574574574574575,0.805863116953745,0.0,0.5921018803580955,0.0,12.566370614359172,0.0
4.584584584584585,0.8737798699084351,0.0,0.48632164143987466,0.0,12.566370614359172,0.0
4.594594594594595,0.9278890272919137,0.0,0.3728564777782739,0.0,12.566370614359172,0.0
4.604604604604605,0.9673355483924644,0.0,0.25349938225996227,0.0,12.566370614359172,0.0
4.614614614614615,0.991496093592405,0.0,0.13013645292888304,0.0,12.566370614359172,0.0
4.624624624624625,0.9999888744706591,0.0,0.00471708859284109,0.0,12.566370614359172,0.0
4.634634634634635,0.9926796868784709,0.0,-0.12077681585771266,0.0,12.566370614359172,0.0
4.644644644644645,0.9696840316527242,0.0,-0.24436218763868334,0.0,12.566370614359172,0.0
4.654654654654655,0.9313652894550568,0.0,-0.36408611287457965,0.0,12.566370614359172,0.0
4.664664664664665,0.8783289785782146,0.0,-0.4780566968253361,0.0,12.566370614359172,0.0
4.674674674674675,0.8114131864586289,0.0,-0.5844729598799532,0.0,12.566370614359172,0.0
4.684684684684685,0.7316753260978275,0.0,-0.6816532968961528,0.0,12.566370614359172,0.0
4.694694694694695,0.6403754266696247,0.0,-0.768062050167453,0.0,12.566370614359172,0.0
4.704704704704705,0.5389562223573204,0.0,-0.8423337761078081,0.0,12.566370614359172,0.0
4.714714714714715,0.42902035405998434,0.0,-0.9032948221881579,0.0,12.566370614359172,0.0
4.724724724724725,0.31230504422974115,0.0,-0.9499818731630238,0.0,12.566370614359172,0.0
4.734734734734735,0.19065464503194035,0.0,-0.9816571735170029,0.0,12.566370614359172,0.0
4.744744744744745,0.06599149362614093,0.0,-0.9978201855838631,0.0,12.566370614359172,0.0
4.754754754754755,-0.05971446488303453,0.0,-0.9982154991149631,0.0,12.566370614359172,0.0
4.764764764764765,-0.18447680680266218,0.0,-0.9828368673088496,0.0,12.566370614359172,0.0
4.774774774774775,-0.30632401960530903,0.0,-0.9519273055241162,0.0,12.566370614359172,0.0
4.784784784784785,-0.42333065605443665,0.0,-0.905975251115645,0.0,12.566370614359172,0.0
4.794794794794795,-0.5336477603994323,0.0,-0.8457068450770542,0.0,12.566370614359172,0.0
4.804804804804805,-0.6355320858411422,0.0,-0.7720744574559498,0.0,12.566370614359172,0.0
4.814814814814815,-0.7273736415693043,0.0,-0.6862416378650302,0.0,12.566370614359172,0.0
4.824824824824825,-0.8077211340696175,0.0,-0.5895647289032299,0.0,12.566370614359172,0.0
4.834834834834835,-0.8753049006732441,0.0,-0.48357143303428163,0.0,12.566370614359172,0.0
4.844844844844845,-0.9290569729494852,0.0,-0.36993667161197186,0.0,12.566370614359172,0.0
4.854854854854855,-0.9681279528970089,0.0,-0.2504561175312538,0.0,12.566370614359172,0.0
4.864864864864865,-0.991900435253615,0.0,-0.1270178197460861,0.0,12.566370614359172,0.0
4.874874874874875,-0.9999987638232666,0.0,-0.0015723680474590829,0.0,12.566370614359172,0.0
4.884884884884885,-0.9922949676494983,0.0,0.12389793043790859,0.0,12.566370614359172,0.0
4.894894894894895,-0.9689107832309344,0.0,0.24741037595079018,0.0,12.566370614359172,0.0
4.904904904904905,-0.9302157308235723,0.0,0.36701320700710377,0.0,12.566370614359172,0.0
4.914914914914915,-0.8768212752283857,0.0,0.48081644241448074,0.0,12.566370614359172,0.0
4.924924924924925,-0.809571163336317,0.0,0.5870217470277492,0.0,12.566370614359172,0.0
4.934934934934935,-0.7295280911181737,0.0,0.6839508493003575,0.0,12.566370614359172,0.0
4.944944944944945,-0.6379569107495747,0.0,0.7700720615734894,0.0,12.566370614359172,0.0
4.954954954954955,-0.5363046432343807,0.0,0.8440244840254378,0.0,12.566370614359172,0.0
4.964964964964965,-0.42617761237001867,0.0,0.9046395098069349,0.0,12.566370614359172,0.0
4.974974974974975,-0.30931606138707807,0.0,0.9509592915351871,0.0,12.566370614359172,0.0
4.984984984984985,-0.18756665337470285,0.0,0.982251877336415,0.0,12.566370614359172,0.0
4.994994994994995,-0.06285329004402489,0.0,0.998022777254967,0.0,12.566370614359172,0.0
5.005005005005005,0.06285329004425194,0.0,0.9980227772549417,0.0,12.566370614359172,0.0
5.015015015015015,0.18756665337492143,0.0,0.9822518773363399,0.0,12.566370614359172,0.0
5.025025025025025,0.30931606138727963,0.0,0.9509592915350639,0.0,12.566370614359172,0.0
5.035035035035035,0.4261776123701954,0.0,0.9046395098067669,0.0,12.566370614359172,0.0
5.045045045045045,0.5363046432345249,0.0,0.8440244840252298,0.0,12.566370614359172,0.0
5.055055055055055,0.6379569107496795,0.0,0.7700720615732467,0.0,12.566370614359172,0.0
5.065065065065065,0.7295280911182334,0.0,0.6839508493000868,0.0,12.566370614359172,0.0
5.075075075075075,0.8095711633363263,0.0,0.5870217470274578,0.0,12.566370614359172,0.0
5.085085085085085,0.8768212752283411,0.0,0.4808164424141767,0.0,12.566370614359172,0.0
5.095095095095095,0.9302157308234713,0.0,0.367013207006796,0.0,12.566370614359172,0.0
5.105105105105105,0.9689107832307752,0.0,0.2474103759504881,0.0,12.566370614359172,0.0
5.115115115115115,0.9922949676492816,0.0,0.12389793043762193,0.0,12.566370614359172,0.0
5.125125125125125,0.9999987638229936,0.0,-0.00157236804772104,0.0,12.566370614359172,0.0
5.135135135135135,0.9919004352532891,0.0,-0.12701781974631343,0.0,12.566370614359172,0.0
5.145145145145145,0.9681279528966343,0.0,-0.2504561175314377,0.0,12.566370614359172,0.0
5.155155155155155,0.9290569729490682,0.0,-0.3699366716121039,0.0,12.566370614359172,0.0
5.165165165165165,0.875304900672792,0.0,-0.4835714330343543,0.0,12.566370614359172,0.0
5.175175175175175,0.8077211340691393,0.0,-0.5895647289032367,0.0,12.566370614359172,0.0
5.185185185185185,0.7273736415688095,0.0,-0.686241637864966,0.0,12.566370614359172,0.0
5.195195195195195,0.635532085840641,0.0,-0.7720744574558104,0.0,12.566370614359172,0.0
5.205205205205205,0.5336477603989364,0.0,-0.8457068450768371,0.0,12.566370614359172,0.0
5.215215215215215,0.42333065605395787,0.0,-0.9059752511153502,0.0,12.566370614359172,0.0
5.225225225225225,0.3063240196048591,0.0,-0.9519273055237444,0.0,12.566370614359172,0.0
5.235235235235235,0.18447680680225315,0.0,-0.9828368673084036,0.0,12.566370614359172,0.0
5.245245245245245,0.059714464882677974,0.0,-0.998215499114448,0.0,12.566370614359172,0.0
5.255255255255255,-0.06599149362643392,0.0,-0.9978201855832851,0.0,12.566370614359172,0.0
5.265265265265265,-0.19065464503215945,0.0,-0.9816571735163703,0.0,12.566370614359172,0.0
5.275275275275275,-0.3123050442298772,0.0,-0.9499818731623465,0.0,12.566370614359172,0.0
5.285285285285285,-0.4290203540600296,0.0,-0.9032948221874468,0.0,12.566370614359172,0.0
5.295295295295295,-0.5389562223572681,0.0,-0.8423337761070757,0.0,12.566370614359172,0.0
5.305305305305305,-0.6403754266694704,0.0,-0.768062050166713,0.0,12.566370614359172,0.0
5.315315315315315,-0.7316753260975691,0.0,-0.6816532968954196,0.0,12.566370614359172,0.0
5.325325325325325,-0.8114131864582654,0.0,-0.584472959879242,0.0,12.566370614359172,0.0
5.335335335335335,-0.8783289785777475,0.0,-0.4780566968246617,0.0,12.566370614359172,0.0
5.345345345345345,-0.9313652894544899,0.0,-0.36408611287395753,0.0,12.566370614359172,0.0
5.355355355355355,-0.9696840316520636,0.0,-0.24436218763812834,0.0,12.566370614359172,0.0
5.365365365365365,-0.9926796868777246,0.0,-0.12077681585723882,0.0,12.566370614359172,0.0
5.375375375375375,-0.9999888744698375,0.0,0.004717088593220897,0.0,12.566370614359172,0.0
5.385385385385385,-0.99149609359152,0.0,0.13013645292915715,0.0,12.566370614359172,0.0
5.395395395395395,-0.9673355483915302,0.0,0.25349938226012064,0.0,12.566370614359172,0.0
5.405405405405405,-0.9278890272909458,0.0,0.37285647777830816,0.0,12.566370614359172,0.0
5.415415415415415,-0.8737798699074504,0.0,0.4863216414397789,0.0,12.566370614359172,0.0
5.425425425425425,-0.805863116952761,0.0,0.5921018803578658,0.0,12.566370614359172,0.0
5.435435435435435,-0.7252119987559388,0.0,0.6885256399354598,0.0,12.566370614359172,0.0
5.445445445445445,-0.6331009759228847,0.0,0.7740692180119212,0.0,12.566370614359172,0.0
5.455455455455455,-0.5309856001259705,0.0,0.8473808426244586,0.0,12.566370614359172,0.0
5.465465465465465,-0.42047951326650673,0.0,0.9073020329037151,0.0,12.566370614359172,0.0
5.475475475475475,-0.30332894847260666,0.0,0.9528859055556093,0.0,12.566370614359172,0.0
5.485485485485485,-0.18138513587135338,0.0,0.9834121376477614,0.0,12.566370614359172,0.0
5.495495495495495,-0.05657504918324043,0.0,0.9983983492563984,0.0,12.566370614359172,0.0
5.505505505505505,0.06912904459457907,0.0,0.9976077261035052,0.0,12.566370614359172,0.0
5.515515515515515,0.1937407512359352,0.0,0.9810527617302136,0.0,12.566370614359172,0.0
5.525525525525525,0.31529093857379553,0.0,0.9489950600720622,0.0,12.566370614359172,0.0
5.535535535535535,0.4318588530108703,0.0,0.9019412015558639,0.0,12.566370614359172,0.0
5.545545545545545,0.5416024715450789,0.0,0.8406347380427128,0.0,12.566370614359172,0.0
5.555555555555555,0.6427876096827911,0.0,0.7660444431141971,0.0,12.566370614359172,0.0
5.565565565565565,0.7338153252723998,0.0,0.6793490033724907,0.0,12.566370614359172,0.0
5.575575575575575,0.8132471852188922,0.0,0.581918392664608,0.0,12.566370614359172,0.0
5.585585585585585,0.8798279958111509,0.0,0.47529222355801615,0.0,12.566370614359172,0.0
5.595595595595595,0.9325056374740739,0.0,0.36115541816071234,0.0,12.566370614359172,0.0
5.605605605605605,0.9704476905138969,0.0,0.24131158273897585,0.0,12.566370614359172,0.0
5.615615615615615,0.9930545891342942,0.0,0.11765450687092971,0.0,12.566370614359172,0.0
5.625625625625625,0.9999690958615962,0.0,-0.00786176248960535,0.0,12.566370614359172,0.0
5.635635635635635,0.99108194666289,0.0,-0.13325379914500002,0.0,12.566370614359172,0.0
5.645645645645645,0.9665335775520304,0.0,-0.2565401400407562,0.0,12.566370614359172,0.0
5.655655655655655,0.9267119053994891,0.0,-0.3757725966305739,0.0,12.566370614359172,0.0
5.665665665665665,0.8722461980139986,0.0,-0.48906704043284077,0.0,12.566370614359172,0.0
5.675675675675675,0.8039971303618497,0.0,-0.5946331763007362,0.0,12.566370614359172,0.0
5.685685685685685,0.7230431840568979,0.0,-0.6908028329244404,0.0,12.566370614359172,0.0
5.6956956956956954,0.6306636050385004,0.0,-0.7760563235148529,0.0,12.566370614359172,0.0
5.7057057057057055,0.5283181887426159,0.0,-0.8490464601134893,0.0,12.566370614359172,0.0
5.7157157157157155,0.4176242122037096,0.0,-0.9086198420509725,0.0,12.566370614359172,0.0
5.7257257257257255,0.30033087760971755,0.0,-0.9538350821508182,0.0,12.566370614359172,0.0
5.7357357357357355,0.17829167115670244,0.0,-0.9839776826654195,0.0,12.566370614359172,0.0
5.7457457457457455,0.053435073992566195,0.0,-0.9985713258725418,0.0,12.566370614359172,0.0
5.7557557557557555,-0.07226591192028547,0.0,-0.9973854009166889,0.0,12.566370614359172,0.0
5.7657657657657655,-0.19682494146661328,0.0,-0.9804386479551165,0.0,12.566370614359172,0.0
5.7757757757757755,-0.31827371489044054,0.0,-0.9479988620231614,0.0,12.566370614359172,0.0
5.7857857857857855,-0.43469308115177885,0.0,-0.9005786612984572,0.0,12.566370614359172,0.0
5.7957957957957955,-0.5442433646282525,0.0,-0.8389273866345315,0.0,12.566370614359172,0.0
5.8058058058058055,-0.6451934359347078,0.0,-0.764019260368526,0.0,12.566370614359172,0.0
5.8158158158158155,-0.7359480674795199,0.0,-0.6770379915192659,0.0,12.566370614359172,0.0
5.8258258258258255,-0.8150731414811515,0.0,-0.5793580706465611,0.0,12.566370614359172,0.0
5.8358358358358355,-0.8813183121042488,0.0,-0.4725230499530735,0.0,12.566370614359172,0.0
5.8458458458458455,-0.9336367636049275,0.0,-0.3582211518497084,0.0,12.566370614359172,0.0
5.8558558558558556,-0.9712017522641899,0.0,-0.23825859142150596,0.0,12.566370614359172,0.0
5.865865865865866,-0.9934196707114541,0.0,-0.11453103435627093,0.0,12.566370614359172,0.0
5.875875875875876,-0.9999394281938672,0.0,0.011006358638129321,0.0,12.566370614359172,0.0
5.885885885885886,-0.990657998563037,0.0,0.13636982756535548,0.0,12.566370614359172,0.0
5.895895895895896,-0.9657220483090933,0.0,0.2595783608022712,0.0,12.566370614359172,0.0
5.905905905905906,-0.9255256189156499,0.0,0.3786849993304276,0.0,12.566370614359172,0.0
5.915915915915916,-0.8707039001594291,0.0,0.4918076028633753,0.0,12.566370614359172,0.0
5.925925925925926,-0.8021231927497664,0.0,0.5971585916990222,0.0,12.566370614359172,0.0
5.935935935935936,-0.7208672189198138,0.0,0.693073194311993,0.0,12.566370614359172,0.0
5.945945945945946,-0.6282199972914544,0.0,0.7780357543134631,0.0,12.566370614359172,0.0
5.955955955955956,-0.5256455526277845,0.0,0.8507036810720897,0.0,12.566370614359172,0.0
5.965965965965966,-0.41476478110258047,0.0,0.9099286655248745,0.0,12.566370614359172,0.0
5.975975975975976,-0.2973298366651028,0.0,0.9547748259226528,0.0,12.566370614359172,0.0
5.985985985985986,-0.17519644325059175,0.0,0.9845334967685198,0.0,12.566370614359172,0.0
5.995995995995996,-0.05029457036290404,0.0,0.9987344272522581,0.0,12.566370614359172,0.0
6.006006006006006,0.07540206458203876,0.0,0.9971532122214867,0.0,12.566370614359172,0.0
6.016016016016016,0.1999071852236202,0.0,0.9798148382642561,0.0,12.566370614359172,0.0
6.026026026026026,0.32125334368215425,0.0,0.9469932888673789,0.0,12.566370614359172,0.0
6.036036036036036,0.43752301045413894,0.0,0.899207214889841,0.0,12.566370614359172,0.0
6.046046046046046,0.5468788754901276,0.0,0.8372117387670989,0.0,12.566370614359172,0.0
6.056056056056056,0.6475928816332125,0.0,0.7619865219574066,0.0,12.566370614359172,0.0
6.066066066066066,0.7380735316275396,0.0,0.67472028419011,0.0,12.566370614359172,0.0
6.076076076076076,0.8168910371875615,0.0,0.5767920191449768,0.0,12.566370614359172,0.0
6.086086086086086,0.8827999127188141,0.0,0.4697492033951116,0.0,12.566370614359172,0.0
6.096096096096096,0.9347586566609732,0.0,0.3552833429588815,0.0,12.566370614359172,0.0
6.106106106106106,0.9719462094457797,0.0,0.2352032438777666,0.0,12.566370614359172,0.0
6.116116116116116,0.9937749279987946,0.0,0.11140642920232335,0.0,12.566370614359172,0.0
6.126126126126126,0.999899871760047,0.0,-0.01415084594083188,0.0,12.566370614359172,0.0
6.136136136136136,0.9902242534845296,0.0,-0.13948450737477625,0.0,12.566370614359172,0.0
6.146146146146146,0.9649009686882075,0.0,-0.26261401449868305,0.0,12.566370614359172,0.0
6.156156156156156,0.9243301795710175,0.0,-0.3815936570761423,0.0,12.566370614359172,0.0
6.166166166166166,0.8691529915960481,0.0,-0.4945433016290405,0.0,12.566370614359172,0.0
6.176176176176176,0.8002413226485161,0.0,-0.5996781015780418,0.0,12.566370614359172,0.0
6.186186186186186,0.718684124863545,0.0,-0.695336701645749,0.0,12.566370614359172,0.0
6.196196196196196,0.6257701768474153,0.0,-0.7800074908324929,0.0,12.566370614359172,0.0
6.206206206206206,0.5229677182120858,0.0,-0.8523524891114411,0.0,12.566370614359172,0.0
6.216216216216216,0.4119012482410105,0.0,-0.911228490382023,0.0,12.566370614359172,0.0
6.226226226226226,0.29432585531708344,0.0,-0.9557051275776689,0.0,12.566370614359172,0.0
6.236236236236236,0.17209948276279177,0.0,-0.9850795744604285,0.0,12.566370614359172,0.0
6.246246246246246,0.047153569351773936,0.0,-0.9988876517825841,0.0,12.566370614359172,0.0
6.256256256256256,-0.07853747156534456,0.0,-0.9969111623140942,0.0,12.566370614359172,0.0
6.266266266266266,-0.20298745202558172,0.0,-0.9791813388267039,0.0,12.566370614359172,0.0
6.276276276276276,-0.3242297954823524,0.0,-0.9459783505491783,0.0,12.566370614359172,0.0
6.286286286286286,-0.44034861293179084,0.0,-0.8978268758927292,0.0,12.566370614359172,0.0
6.296296296296296,-0.5495089780672094,0.0,-0.8354878114070605,0.0,12.566370614359172,0.0
6.306306306306306,-0.649985923049336,0.0,-0.7599462479833095,0.0,12.566370614359172,0.0
6.316316316316316,-0.7401916966969841,0.0,-0.6723959043056592,0.0,12.566370614359172,0.0
6.326326326326326,-0.8187008543602962,0.0,-0.5742202635364627,0.0,12.566370614359172,0.0
6.336336336336336,-0.8842727830027587,0.0,-0.46697071131570744,0.0,12.566370614359172,0.0
6.346346346346346,-0.9358713055473991,0.0,-0.35234202054130076,0.0,12.566370614359172,0.0
6.356356356356356,-0.9726810546964532,0.0,-0.23214557032321992,0.0,12.566370614359172,0.0
6.366366366366366,-0.9941203574830436,0.0,-0.10828072230947378,0.0,12.566370614359172,0.0
6.376376376376376,-0.9998504269513245,0.0,0.017295193300693124,0.0,12.566370614359172,0.0
6.386386386386386,-0.9897807157168372,0.0,0.14259780777100955,0.0,12.566370614359172,0.0
6.396396396396396,-0.9640703468093441,0.0,0.265647071109247,0.0,12.566370614359172,0.0
6.406406406406406,-0.9231255991877537,0.0,0.38449854110287485,0.0,12.566370614359172,0.0
6.416416416416417,-0.8675934876613899,0.0,0.49727410967545077,0.0,12.566370614359172,0.0
6.426426426426427,-0.7983515386686455,0.0,0.602191681021376,0.0,12.566370614359172,0.0
6.436436436436437,-0.7164939234775666,0.0,0.6975933325409907,0.0,12.566370614359172,0.0
6.446446446446447,-0.6233141679336286,0.0,0.7819715135726547,0.0,12.566370614359172,0.0
6.456456456456457,-0.520284711977694,0.0,0.8539928679258196,0.0,12.566370614359172,0.0
6.466466466466467,-0.4090336419376282,0.0,0.912519303767924,0.0,12.566370614359172,0.0
6.476476476476477,-0.29131896327324885,0.0,0.9566259779157339,0.0,12.566370614359172,0.0
6.486486486486487,-0.16900082032040925,0.0,0.9856159103407581,0.0,12.566370614359172,0.0
6.496496496496497,-0.04401210202182603,0.0,0.9990309979482171,0.0,12.566370614359172,0.0
6.506506506506507,0.08167210186286639,0.0,0.9966592535882413,0.0,12.566370614359172,0.0
6.516516516516517,0.20606571141045893,0.0,0.9785381559073965,0.0,12.566370614359172,0.0
6.526526526526527,0.32720304085566143,0.0,0.9449540571057058,0.0,12.566370614359172,0.0
6.536536536536537,0.44316986064117014,0.0,0.8964376579578688,0.0,12.566370614359172,0.0
6.546546546546547,0.5521336463493127,0.0,0.8337556216030528,0.0,12.566370614359172,0.0
6.556556556556557,0.6523725365172892,0.0,0.7578984586233549,0.0,12.566370614359172,0.0
6.566566566566567,0.7423025417404328,0.0,0.6700648748526744,0.0,12.566370614359172,0.0
6.576576576576577,0.8205025751013165,0.0,0.5716428292541801,0.0,12.566370614359172,0.0
6.586586586586587,0.8857369083902538,0.0,0.4641876011925224,0.0,12.566370614359172,0.0
6.596596596596597,0.9369746992607563,0.0,0.349397213684921,0.0,12.566370614359172,0.0
6.606606606606607,0.9734062807490198,0.0,0.22908560099645975,0.0,12.566370614359172,0.0
6.616616616616617,0.9944559557481041,0.0,0.10515394458912003,0.0,12.566370614359172,0.0
6.626626626626627,0.9997910942566757,0.0,-0.020439369621979342,0.0,12.566370614359172,0.0
6.636636636636637,0.9893273896462814,0.0,-0.14570969796536498,0.0,12.566370614359172,0.0
6.646646646646647,0.9632301908868536,0.0,-0.2686775006388445,0.0,12.566370614359172,0.0
6.656656656656657,0.9219118896784324,0.0,-0.3873996226830644,0.0,12.566370614359172,0.0
6.666666666666667,0.8660254037780212,0.0,-0.49999999999653233,0.0,12.566370614359172,0.0
6.676676676676677,0.7964538594989898,0.0,-0.6046993051712214,0.0,12.566370614359172,0.0
6.686686686686687,0.7142966364216563,0.0,-0.6998430646809901,0.0,12.566370614359172,0.0
6.696696696696697,0.6208519948385406,0.0,-0.7839278031109467,0.0,12.566370614359172,0.0
6.706706706706707,0.5175965604579138,0.0,-0.8556248012928712,0.0,12.566370614359172,0.0
6.716716716716717,0.40616199055131164,0.0,-0.9138010929172181,0.0,12.566370614359172,0.0
6.726726726726727,0.2883091902699175,0.0,-0.9575373678302004,0.0,12.566370614359172,0.0
6.736736736736737,0.16590048656730474,0.0,-0.986142499105476,0.0,12.566370614359172,0.0
6.746746746746747,0.04087019944022363,0.0,-0.9991644643315516,0.0,12.566370614359172,0.0
6.756756756756757,-0.08480592447506606,0.0,-0.9963974885351465,0.0,12.566370614359172,0.0
6.766766766766767,-0.20914193293619754,0.0,-0.9778852958670087,0.0,12.566370614359172,0.0
6.776776776776777,-0.3301730503985594,0.0,-0.943920418666576,0.0,12.566370614359172,0.0
6.786786786786787,-0.44598672568192455,0.0,-0.8950395748237434,0.0,12.566370614359172,0.0
6.796796796796797,-0.5547528543801394,0.0,-0.8320151864853293,0.0,12.566370614359172,0.0
6.806806806806807,-0.654752698434992,0.0,-0.755843174128869,0.0,12.566370614359172,0.0
6.816816816816817,-0.7444060458829838,0.0,-0.6677272188835397,0.0,12.566370614359172,0.0
6.826826826826827,-0.8222961815927665,0.0,-0.569059741787292,0.0,12.566370614359172,0.0
6.836836836836837,-0.8871922744020474,0.0,-0.46139990054871444,0.0,12.566370614359172,0.0
6.846846846846847,-0.9380688268891982,0.0,-0.34644895151196914,0.0,12.566370614359172,0.0
6.856856856856857,-0.9741218804314672,0.0,-0.22602336615858903,0.0,12.566370614359172,0.0
6.866866866866867,-0.9947817194751292,0.0,-0.10202612696305063,0.0,12.566370614359172,0.0
6.876876876876877,-0.9997218742628633,0.0,0.023583343810846424,0.0,12.566370614359172,0.0
6.886886886886887,-0.9888642797559603,0.0,0.14882014718329217,0.0,12.566370614359172,0.0
6.896896896896897,-0.9623805092293269,0.0,0.2717052731185217,0.0,12.566370614359172,0.0
6.906906906906907,-0.9206890630458415,0.0,0.39029687312692823,0.0,12.566370614359172,0.0
6.916916916916917,-0.8644487554532405,0.0,0.5027209456350596,0.0,12.566370614359172,0.0
6.926926926926927,-0.7945483039063223,0.0,0.6072009492288606,0.0,12.566370614359172,0.0
6.936936936936937,-0.7120922854255056,0.0,0.7020858758174109,0.0,12.566370614359172,0.0
6.946946946946947,-0.6183836819113864,0.0,0.785876340100983,0.0,12.566370614359172,0.0
6.956956956956957,-0.514903290236753,0.0,0.8572482730738762,0.0,12.566370614359172,0.0
6.966966966966967,-0.40328632248075724,0.0,0.9150738451538769,0.0,12.566370614359172,0.0
6.976976976976977,-0.2852965660717149,0.0,0.9584392883080392,0.0,12.566370614359172,0.0
6.986986986986987,-0.16279851216368796,0.0,0.9866593355469763,0.0,12.566370614359172,0.0
6.996996996996997,-0.037727892678264235,0.0,0.9992880496126965,0.0,12.566370614359172,0.0
7.007007007007007,0.087938908410551,0.0,0.9961258697434919,0.0,12.566370614359172,0.0
7.017017017017017,0.21221608618104024,0.0,0.9772227651618883,0.0,12.566370614359172,0.0
7.027027027027027,0.3331397947396534,0.0,0.9428774454537799,0.0,12.566370614359172,0.0
7.037037037037037,0.4487991801971572,0.0,0.8936326403164568,0.0,12.566370614359172,0.0
7.047047047047047,0.5573665762574862,0.0,0.8302665232656246,0.0,12.566370614359172,0.0
7.057057057057057,0.657126385264245,0.0,0.7537804148252361,0.0,12.566370614359172,0.0
7.067067067067067,0.7465021883223968,0.0,0.6653829595161037,0.0,12.566370614359172,0.0
7.077077077077077,0.8240816560970847,0.0,0.5664710266808011,0.0,12.566370614359172,0.0
7.087087087087087,0.8886388666455489,0.0,0.4586076369527737,0.0,12.566370614359172,0.0
7.097097097097097,0.9391536776125392,0.0,0.3434972631787825,0.0,12.566370614359172,0.0
7.107107107107107,0.9748278466669964,0.0,0.22295889609305986,0.0,12.566370614359172,0.0
7.117117117117117,0.9950976454425369,0.0,0.0988973003632887,0.0,12.566370614359172,0.0
7.127127127127127,0.9996427676544305,0.0,-0.026727084775492183,0.0,12.566370614359172,0.0
7.137137137137137,0.9883913906257252,0.0,-0.15192912466452663,0.0,12.566370614359172,0.0
7.147147147147147,0.9615213102395517,0.0,-0.27473035860563044,0.0,12.566370614359172,0.0
7.157157157157157,0.9194571313829247,0.0,-0.393190263782591,0.0,12.566370614359172,0.0
7.167167167167167,0.8628635582790588,0.0,-0.5054369196826839,0.0,12.566370614359172,0.0
7.177177177177177,0.7926348907353302,0.0,-0.6096965884546905,0.0,12.566370614359172,0.0
7.187187187187187,0.709880892288693,0.0,-0.7043217437703344,0.0,12.566370614359172,0.0
7.197197197197197,0.6159092535621548,0.0,-0.7878171052730214,0.0,12.566370614359172,0.0
7.207207207207207,0.5122049279488814,0.0,-0.8588632672137707,0.0,12.566370614359172,0.0
7.217217217217217,0.40040666616443166,0.0,-0.9163375478912207,0.0,12.566370614359172,0.0
7.227227227227227,0.28228112047151577,0.0,-0.9593317304298516,0.0,12.566370614359172,0.0
7.237237237237237,0.15969492778605107,0.0,-0.9871664145540882,0.0,12.566370614359172,0.0
7.247247247247247,0.03458521281130294,0.0,-0.9994017525694765,0.0,12.566370614359172,0.0
7.257257257257257,-0.09107102268616027,0.0,-0.9958443998994118,0.0,12.566370614359172,0.0
7.267267267267267,-0.2152881407436195,0.0,-0.9765505703440331,0.0,12.566370614359172,0.0
7.277277277277277,-0.33610324453977525,0.0,-0.9418251477816437,0.0,12.566370614359172,0.0
7.287287287287287,-0.45160719637351976,0.0,-0.8922168683496778,0.0,12.566370614359172,0.0
7.297297297297297,-0.5599747861333361,0.0,-0.8285096492370863,0.0,12.566370614359172,0.0
7.307307307307307,-0.6594935735308174,0.0,-0.7517102011118153,0.0,12.566370614359172,0.0
7.317317317317317,-0.7485909483291705,0.0,-0.6630321199335859,0.0,12.566370614359172,0.0
7.327327327327327,-0.8258589809570708,0.0,-0.5638767095354428,0.0,12.566370614359172,0.0
7.337337337337337,-0.8900766708148818,0.0,-0.4558108380184091,0.0,12.566370614359172,0.0
7.347347347347347,-0.9402292407022925,0.0,-0.3405421778756884,0.0,12.566370614359172,0.0
7.357357357357357,-0.9755241724740464,0.0,-0.21989222110554918,0.0,12.566370614359172,0.0
7.367367367367367,-0.9954037305260167,0.0,-0.09576749573196702,0.0,12.566370614359172,0.0
7.377377377377377,-0.9995537752136904,0.0,0.029870561426279307,0.0,12.566370614359172,0.0
7.387387387387387,-0.9879087269321541,0.0,0.15503659966320987,0.0,12.566370614359172,0.0
7.397397397397397,-0.960652602414474,0.0,0.27775272718394106,0.0,12.566370614359172,0.0
7.407407407407407,-0.9182161068727286,0.0,0.3960797660361945,0.0,12.566370614359172,0.0
7.4174174174174174,-0.8612698279321074,0.0,0.5081478952800782,0.0,12.566370614359172,0.0
7.4274274274274275,-0.7907136389085062,0.0,0.6121861981683528,0.0,12.566370614359172,0.0
7.4374374374374375,-0.7076624788805587,0.0,0.7065506464283748,0.0,12.566370614359172,0.0
7.4474474474474475,-0.6134287342614542,0.0,0.7897500794340575,0.0,12.566370614359172,0.0
7.4574574574574575,-0.5095015002794884,0.0,0.8604697677412254,0.0,12.566370614359172,0.0
7.4674674674674675,-0.39752305008042266,0.0,0.9175921886319782,0.0,12.566370614359172,0.0
7.4774774774774775,-0.27926288329029225,0.0,0.9602146853699108,0.0,12.566370614359172,0.0
7.4874874874874875,-0.15658976412701534,0.0,0.9876637311120968,0.0,12.566370614359172,0.0
7.4974974974974975,-0.031442190918600926,0.0,0.9995055720774341,0.0,12.566370614359172,0.0
7.5075075075075075,0.09420223632711214,0.0,0.995553081786476,0.0,12.566370614359172,0.0
7.5175175175175175,0.21835806624310286,0.0,0.9758687180610564,0.0,12.566370614359172,0.0
7.5275275275275275,0.33906337049212587,0.0,0.9407635360567789,0.0,12.566370614359172,0.0
7.5375375375375375,0.454410746441359,0.0,0.8907922729245692,0.0,12.566370614359172,0.0
7.5475475475475475,0.5625774582140028,0.0,0.8267445817741795,0.0,12.566370614359172,0.0
7.5575575575575575,0.6618542398245859,0.0,0.7496325534618201,0.0,12.566370614359172,0.0
7.5675675675675675,0.7506723052466762,0.0,0.6606747233844263,0.0,12.566370614359172,0.0
7.5775775775775776,0.8276281385960107,0.0,0.5612768160075092,0.0,12.566370614359172,0.0
7.587587587587588,0.8915056726909967,0.0,0.45300953140433675,0.0,12.566370614359172,0.0
7.597597597597598,0.9412955055217636,0.0,0.3375837248267591,0.0,12.566370614359172,0.0
7.607607607607608,0.9762108509663592,0.0,0.21682337152368097,0.0,12.566370614359172,0.0
7.617617617617618,0.995699971698564,0.0,0.09263674402101935,0.0,12.566370614359172,0.0
7.627627627627628,0.9994548978207235,0.0,-0.03301374267607271,0.0,12.566370614359172,0.0
7.637637637637638,0.9874162934485037,0.0,-0.15814254144824902,0.0,12.566370614359172,0.0
7.647647647647648,0.9597743943450966,0.0,-0.28077234896402115,0.0,12.566370614359172,0.0
7.657657657657658,0.9169660017882426,0.0,-0.39896535131228306,0.0,12.566370614359172,0.0
7.667667667667668,0.8596675801734207,0.0,-0.5108538456173176,0.0,12.566370614359172,0.0
7.677677677677678,0.788784567425871,0.0,-0.6146697537491059,0.0,12.566370614359172,0.0
7.687687687687688,0.7054370671398659,0.0,-0.7087725617490336,0.0,12.566370614359172,0.0
7.697697697697698,0.6109421485401073,0.0,-0.7916752434681527,0.0,12.566370614359172,0.0
7.707707707707708,0.506793033963815,0.0,-0.8620677587689325,0.0,12.566370614359172,0.0
7.717717717717718,0.3946355027459146,0.0,-0.9188377549685235,0.0,12.566370614359172,0.0
7.727727727727728,0.27624188437653796,0.0,-0.9610881443963369,0.0,12.566370614359172,0.0
7.737737737737738,0.15348305189471237,0.0,-0.9881512803028479,0.0,12.566370614359172,0.0
7.747747747747748,0.028298858082673257,0.0,-0.9995995071098561,0.0,12.566370614359172,0.0
7.757757757757758,-0.09733251836767864,0.0,-0.9952519182856339,0.0,12.566370614359172,0.0
7.767767767767768,-0.22142583231987364,0.0,-0.9751772150560418,0.0,12.566370614359172,0.0
7.777777777777778,-0.34202014332294584,0.0,-0.9396926207778457,0.0,12.566370614359172,0.0
7.787787787787788,-0.4572098026753595,0.0,-0.889358868129464,0.0,12.566370614359172,0.0
7.797797797797798,-0.5651745667607329,0.0,-0.8249713383322826,0.0,12.566370614359172,0.0
7.807807807807808,-0.6642083608000857,0.0,-0.74754749242184,0.0,12.566370614359172,0.0
7.817817817817818,-0.7527462384916436,0.0,-0.6583107931817441,0.0,12.566370614359172,0.0
7.827827827827828,-0.829389111518087,0.0,-0.5586713718082499,0.0,12.566370614359172,0.0
7.837837837837838,-0.8929258581419974,0.0,-0.4502037448136443,0.0,12.566370614359172,0.0
7.847847847847848,-0.9423524615262913,0.0,-0.33462193328915146,0.0,12.566370614359172,0.0
7.857857857857858,-0.9768878753531348,0.0,-0.21375237769635586,0.0,12.566370614359172,0.0
7.867867867867868,-0.9959863660305481,0.0,-0.08950507619151127,0.0,12.566370614359172,0.0
7.877877877877878,-0.9993461364533613,0.0,0.03615659744089211,0.0,12.566370614359172,0.0
7.887887887887888,-0.9869140950446137,0.0,0.16124691930394264,0.0,12.566370614359172,0.0
7.897897897897898,-0.9588866947163125,0.0,0.2837891940838205,0.0,12.566370614359172,0.0
7.907907907907908,-0.9157068284921734,0.0,0.40184699107434196,0.0,12.566370614359172,0.0
7.917917917917918,-0.8580568308481609,0.0,0.5135547439343594,0.0,12.566370614359172,0.0
7.927927927927928,-0.7868476953646527,0.0,0.6171472306362458,0.0,12.566370614359172,0.0
7.937937937937938,-0.7032046790744476,0.0,0.7109874677590557,0.0,12.566370614359172,0.0
7.947947947947948,-0.6084495209887822,0.0,0.7935925783367248,0.0,12.566370614359172,0.0
7.957957957957958,-0.5040795557867792,0.0,0.8636572244938329,0.0,12.566370614359172,0.0
7.967967967967968,-0.3917440527168155,0.0,0.9200742345830419,0.0,12.566370614359172,0.0
7.977977977977978,-0.2732181536059065,0.0,0.9619520988712084,0.0,12.566370614359172,0.0
7.987987987987988,-0.15037482181244297,0.0,0.9886290573048102,0.0,12.566370614359172,0.0
7.997997997997998,-0.025155245388973922,0.0,0.9996835567377912,0.0,12.566370614359172,0.0
8.008008008008009,0.10046183785148022,0.0,0.9949409123751929,0.0,12.566370614359172,0.0
8.018018018018019,0.2244914086357927,0.0,0.9744760681674917,0.0,12.566370614359172,0.0
8.028028028028029,0.3449735337917443,0.0,0.9386124125354782,0.0,12.566370614359172,0.0
8.038038038038039,0.460004337394741,0.0,0.8879166681397741,0.0,12.566370614359172,0.0
8.048048048048049,0.567766086089873,0.0,0.8231899364475842,0.0,12.566370614359172,0.0
8.058058058058059,0.6665559131766464,0.0,0.7454550386117302,0.0,12.566370614359172,0.0
8.068068068068069,0.7548127275542708,0.0,0.6559403527032238,0.0,12.566370614359172,0.0
8.078078078078079,0.8311418823084639,0.0,0.5560604027037612,0.0,12.566370614359172,0.0
8.088088088088089,0.8943372131232081,0.0,0.4473935059936799,0.0,12.566370614359172,0.0
8.098098098098099,0.9434000982632944,0.0,0.331656832552999,0.0,12.566370614359172,0.0
8.108108108108109,0.977555238939061,0.0,0.21067926999364506,0.0,12.566370614359172,0.0
8.118118118118119,0.9962629106897256,0.0,0.08637252321354122,0.0,12.566370614359172,0.0
8.128128128128129,0.9992274921871855,0.0,-0.03929909464000658,0.0,12.566370614359172,0.0
8.138138138138139,0.986402136686895,0.0,-0.1643497025300687,0.0,12.566370614359172,0.0
8.148148148148149,0.9579895123068828,0.0,-0.2868032327087566,0.0,12.566370614359172,0.0
8.158158158158159,0.914438599436909,0.0,-0.4047246568248779,0.0,12.566370614359172,0.0
8.168168168168169,0.8564375958855691,0.0,-0.5162505635211218,0.0,12.566370614359172,0.0
8.178178178178179,0.7849030418792311,0.0,-0.619618604329177,0.0,12.566370614359172,0.0
8.188188188188189,0.700965336761142,0.0,-0.7131953425544959,0.0,12.566370614359172,0.0
8.198198198198199,0.6059508762579138,0.0,-0.7955020650786084,0.0,12.566370614359172,0.0
8.208208208208209,0.5013610925828832,0.0,-0.8652381491971675,0.0,12.566370614359172,0.0
8.218218218218219,0.38884872858765307,0.0,-0.9213016152475725,0.0,12.566370614359172,0.0
8.228228228228229,0.2701917208810973,0.0,-0.9628065402505894,0.0,12.566370614359172,0.0
8.238238238238239,0.14726510461855086,0.0,-0.9890970573930873,0.0,12.566370614359172,0.0
8.248248248248249,0.022011383925759655,0.0,-0.9997577201300463,0.0,12.566370614359172,0.0
8.258258258258259,-0.10359016383157454,0.0,-0.9946200671308018,0.0,12.566370614359172,0.0
8.268268268268269,-0.2275547648742925,0.0,-0.9737652843292971,0.0,12.566370614359172,0.0
8.278278278278279,-0.3479235126913942,0.0,-0.9375229220122411,0.0,12.566370614359172,0.0
8.288288288288289,-0.46279432296335216,0.0,-0.8864656872179317,0.0,12.566370614359172,0.0
8.298298298298299,-0.5703519905729568,0.0,-0.8214003937370079,0.0,12.566370614359172,0.0
8.308308308308309,-0.6688968737384727,0.0,-0.7433552127245239,0.0,12.566370614359172,0.0
8.318318318318319,-0.756871751998293,0.0,-0.6535634253910153,0.0,12.566370614359172,0.0
8.328328328328329,-0.8328864336333461,0.0,-0.5534439345148762,0.0,12.566370614359172,0.0
8.338338338338339,-0.895739723677215,0.0,-0.4445788427359375,0.0,12.566370614359172,0.0
8.348348348348349,-0.9444384053723008,0.0,-0.3286884519412915,0.0,12.566370614359172,0.0
8.358358358358359,-0.9782129351243263,0.0,-0.2076040788066703,0.0,12.566370614359172,0.0
8.368368368368369,-0.99652960294124,0.0,-0.08323911606611756,0.0,12.566370614359172,0.0
8.378378378378379,-0.9990989661955133,0.0,0.0424412031960541,0.0,12.566370614359172,0.0
8.388388388388389,-0.985880423438301,0.0,0.16745086044200147,0.0,12.566370614359172,0.0
8.398398398398399,-0.9570828559893935,0.0,0.2898144350318224,0.0,12.566370614359172,0.0
8.408408408408409,-0.9131613271644646,0.0,0.4075983201055185,0.0,12.566370614359172,0.0
8.418418418418419,-0.8548098912989017,0.0,0.5189412777175711,0.0,12.566370614359172,0.0
8.428428428428429,-0.7829506262010613,0.0,0.6220838503874934,0.0,12.566370614359172,0.0
8.438438438438439,-0.6987190623457069,0.0,0.715396164300786,0.0,12.566370614359172,0.0
8.448448448448449,-0.6034462390576146,0.0,0.797403684810109,0.0,12.566370614359172,0.0
8.458458458458459,-0.4986376712361232,0.0,0.8668105172445211,0.0,12.566370614359172,0.0
8.468468468468469,-0.38594955899148303,0.0,0.9225198848240378,0.0,12.566370614359172,0.0
8.478478478478479,-0.26716261613176184,0.0,0.9636514600845512,0.0,12.566370614359172,0.0
8.488488488488489,-0.1441539310663315,0.0,0.9895552759394272,0.0,12.566370614359172,0.0
8.498498498498499,-0.01886730478400159,0.0,0.9998219965531855,0.0,12.566370614359172,0.0
8.508508508508509,0.10671746537065287,0.0,0.9942893857254297,0.0,12.566370614359172,0.0
8.518518518518519,0.23061587074057097,0.0,0.9730448705706921,0.0,12.566370614359172,0.0
8.528528528528529,0.3508700508483249,0.0,0.9364241599825576,0.0,12.566370614359172,0.0
8.538538538538539,0.46557973178986006,0.0,0.8850059397132906,0.0,12.566370614359172,0.0
8.548548548548549,0.5729322546368938,0.0,0.8196027278980873,0.0,12.566370614359172,0.0
8.558558558558559,0.6712312193348265,0.0,0.741248035526274,0.0,12.566370614359172,0.0
8.568568568568569,0.7589232914611569,0.0,0.6511800347515426,0.0,12.566370614359172,0.0
8.578578578578579,0.8346227482401378,0.0,0.5508219931169362,0.0,12.566370614359172,0.0
8.588588588588589,0.8971333759340072,0.0,0.4417597828757889,0.0,12.566370614359172,0.0
8.598598598598599,0.9454673725850598,0.0,0.3257168208095717,0.0,12.566370614359172,0.0
8.608608608608609,0.9788609574046998,0.0,0.20452683454726311,0.0,12.566370614359172,0.0
8.618618618618619,0.9967864401476594,0.0,0.08010488573678753,0.0,12.566370614359172,0.0
8.62862862862863,0.9989605597493877,0.0,-0.04558289203544347,0.0,12.566370614359172,0.0
8.63863863863864,0.985348960458262,0.0,-0.1705503623711343,0.0,12.566370614359172,0.0
8.64864864864865,0.9561667347301306,0.0,-0.29282277127402656,0.0,12.566370614359172,0.0
8.65865865865866,0.9118750243062932,0.0,-0.4104679524974588,0.0,12.566370614359172,0.0
8.66866866866867,0.8531737331851718,0.0,-0.5216268599141671,0.0,12.566370614359172,0.0
8.67867867867868,0.7809904676383479,0.0,-0.6245429444314053,0.0,12.566370614359172,0.0
8.68868868868869,0.6964658780424255,0.0,-0.7175899112331401,0.0,12.566370614359172,0.0
8.6986986986987,0.6009356341572097,0.0,-0.7992974187253721,0.0,12.566370614359172,0.0
8.70870870870871,0.49590931867945515,0.0,-0.8683743130861408,0.0,12.566370614359172,0.0
8.71871871871872,0.3830465725992931,0.0,-0.923729031264505,0.0,12.566370614359172,0.0
8.72872872872873,0.2641308693138554,0.0,-0.9644868500173611,0.0,12.566370614359172,0.0
8.73873873873874,0.1410413319233383,0.0,-0.9900037084123339,0.0,12.566370614359172,0.0
8.74874874874875,0.015723039056657565,0.0,-0.9998763853715535,0.0,12.566370614359172,0.0
8.75875875875876,-0.10984371154167707,0.0,-0.9939488714293042,0.0,12.566370614359172,0.0
8.76876876876877,-0.23367469596223356,0.0,-0.9723148340161094,0.0,12.566370614359172,0.0
8.77877877877878,-0.3538131191231533,0.0,-0.9353161373124813,0.0,12.566370614359172,0.0
8.78878878878879,-0.46836053632835656,0.0,-0.8835374400618159,0.0,12.566370614359172,0.0
8.7987987987988,-0.5755068527645335,0.0,-0.8177969567085782,0.0,12.566370614359172,0.0
8.80880880880881,-0.6735589268805395,0.0,-0.7391335278555997,0.0,12.566370614359172,0.0
8.81881881881882,-0.7609673256544695,0.0,-0.6487902043549912,0.0,12.566370614359172,0.0
8.82882882882883,-0.8363508089578185,0.0,-0.5481946044392328,0.0,12.566370614359172,0.0
8.83883883883884,-0.8985181561112751,0.0,-0.4389363542918916,0.0,12.566370614359172,0.0
8.84884884884885,-0.9464869897257602,0.0,-0.3227419685453209,0.0,12.566370614359172,0.0
8.85885885885886,-0.9794992993716675,0.0,-0.20144756764734256,0.0,12.566370614359172,0.0
8.86886886886887,-0.9970334197690335,0.0,-0.07696986322101945,0.0,12.566370614359172,0.0
8.87887887887888,-0.9988122742175574,0.0,0.048724130088951656,0.0,12.566370614359172,0.0
8.88888888888889,-0.9848077530025949,0.0,0.17364817766545088,0.0,12.566370614359172,0.0
8.8988988988989,-0.9552411575889249,0.0,0.29582821168492474,0.0,12.566370614359172,0.0
8.90890890890891,-0.9105797035830735,0.0,0.4133335256219478,0.0,12.566370614359172,0.0
8.91891891891892,-0.8515291377248921,0.0,0.5243072835522955,0.0,12.566370614359172,0.0
8.92892892892893,-0.7790225855757495,0.0,0.6269958621421177,0.0,12.566370614359172,0.0
8.93893893893894,-0.6942058061337825,0.0,0.7197765616568705,0.0,12.566370614359172,0.0
8.94894894894895,-0.5984190863848998,0.0,0.8011832480966394,0.0,12.566370614359172,0.0
8.95895895895896,-0.493176061894458,0.0,0.8699295212571371,0.0,12.566370614359172,0.0
8.96896896896897,-0.3801397981196723,0.0,0.9249290426113295,0.0,12.566370614359172,0.0
8.97897897897898,-0.26109651040932047,0.0,0.9653127017875758,0.0,12.566370614359172,0.0
8.98898898898899,-0.13792733797108886,0.0,0.9904423503771136,0.0,12.566370614359172,0.0
8.998998998999,-0.012578617838406688,0.0,0.9999208860472839,0.0,12.566370614359172,0.0
9.00900900900901,0.112968871428169,0.0,0.9935985276098863,0.0,12.566370614359172,0.0
9.01901901901902,0.23673121028954977,0.0,0.9715751818851237,0.0,12.566370614359172,0.0
9.02902902902903,0.35675268841090707,0.0,0.934198864959616,0.0,12.566370614359172,0.0
9.03903903903904,0.47113670907854865,0.0,0.8820602027859876,0.0,12.566370614359172,0.0
9.04904904904905,0.5780757594948253,0.0,0.8159830980263512,0.0,12.566370614359172,0.0
9.05905905905906,0.6758799733561428,0.0,0.7370117106235687,0.0,12.566370614359172,0.0
9.06906906906907,0.7630038343641012,0.0,0.6463939578351863,0.0,12.566370614359172,0.0
9.07907907907908,0.8380705986970257,0.0,0.5455617944648841,0.0,12.566370614359172,0.0
9.08908908908909,0.8998940505144702,0.0,0.4361085849060687,0.0,12.566370614359172,0.0
9.0990990990991,0.9474972467110727,0.0,0.3197639245678421,0.0,12.566370614359172,0.0
9.10910910910911,0.9801279547124566,0.0,0.19836630855880483,0.0,12.566370614359172,0.0
9.11911911911912,0.9972705393629022,0.0,0.07383407952209642,0.0,12.566370614359172,0.0
9.12912912912913,0.9986541110664708,0.0,-0.05186488629182612,0.0,12.566370614359172,0.0
9.13913913913914,0.984256806423485,0.0,-0.1767442756896181,0.0,12.566370614359172,0.0
9.14914914914915,0.954306133719123,0.0,-0.2988307265427088,0.0,12.566370614359172,0.0
9.15915915915916,0.9092753778046724,0.0,-0.4161950111403698,0.0,12.566370614359172,0.0
9.16916916916917,0.8498761211820257,0.0,-0.5269825221243444,0.0,12.566370614359172,0.0
9.17917917917918,0.7770469994743208,0.0,-0.6294425792619003,0.0,12.566370614359172,0.0
9.18918918918919,0.6919388689703985,0.0,-0.7219560939474523,0.0,12.566370614359172,0.0
9.1991991991992,0.5958966206276843,0.0,-0.8030611542743062,0.0,12.566370614359172,0.0
9.20920920920921,0.49043792791124136,0.0,-0.8714761263775284,0.0,12.566370614359172,0.0
9.21921921921922,0.37722926429870884,0.0,-0.9261199069971917,0.0,12.566370614359172,0.0
9.22922922922923,0.25805956942597347,0.0,-0.9661290072280677,0.0,12.566370614359172,0.0
9.23923923923924,0.13481198000493982,0.0,-0.9908711974958886,0.0,12.566370614359172,0.0
9.24924924924925,0.009434072225513464,0.0,-0.9999554981402976,0.0,12.566370614359172,0.0
9.25925925925926,-0.11609291412434351,0.0,-0.9932383577318503,0.0,12.566370614359172,0.0
9.26926926926927,-0.2397853834955903,0.0,-0.9708259214924148,0.0,12.566370614359172,0.0
9.27927927927928,-0.359688729641162,0.0,-0.9330723539730608,0.0,12.566370614359172,0.0
9.28928928928929,-0.4739082225858918,0.0,-0.8805742424947262,0.0,12.566370614359172,0.0
9.2992992992993,-0.5806389494229456,0.0,-0.8141611697892968,0.0,12.566370614359172,0.0
9.30930930930931,-0.6781943358079845,0.0,-0.7348826048135871,0.0,12.566370614359172,0.0
9.31931931931932,-0.7650327974502892,0.0,-0.6439913188894701,0.0,12.566370614359172,0.0
9.32932932932933,-0.839782100450138,0.0,-0.5429235892307009,0.0,12.566370614359172,0.0
9.33933933933934,-0.9012610455368728,0.0,-0.43327650268316387,0.0,12.566370614359172,0.0
9.34934934934935,-0.9484981335501949,0.0,-0.31678271832810867,0.0,12.566370614359172,0.0
9.35935935935936,-0.9807469172100614,0.0,-0.19528308775336506,0.0,12.566370614359172,0.0
9.36936936936937,-0.9974977965843003,0.0,-0.07069756565095803,0.0,12.566370614359172,0.0
9.37937937937938,-0.9984860718602627,0.0,0.055005129583941936,0.0,12.566370614359172,0.0
9.38938938938939,-0.9836961261694521,0.0,0.17983862582514204,0.0,12.566370614359172,0.0
9.3993993993994,-0.953361672367534,0.0,0.30183028615435387,0.0,12.566370614359172,0.0
9.40940940940941,-0.9079620598700708,0.0,0.41905238075438356,0.0,12.566370614359172,0.0
9.41941941941942,-0.8482146999038979,0.0,0.5296525491738313,0.0,12.566370614359172,0.0
9.42942942942943,-0.77506372887141,0.0,0.6318830715942,0.0,12.566370614359172,0.0
9.43943943943944,-0.6896650889709146,0.0,0.7241284865506217,0.0,12.566370614359172,0.0
9.44944944944945,-0.5933682618312356,0.0,0.804931118687003,0.0,12.566370614359172,0.0
9.45945945945946,-0.48769494380831574,0.0,0.8730141131523094,0.0,12.566370614359172,0.0
9.46946946946947,-0.37431499991985273,0.0,0.9273016126451459,0.0,12.566370614359172,0.0
9.47947947947948,-0.25502007639736557,0.0,0.9669357582660534,0.0,12.566370614359172,0.0
9.48948948948949,-0.13169528883394943,0.0,0.9912902455276085,0.0,12.566370614359172,0.0
9.4994994994995,-0.006289433315693655,0.0,0.9999802213082963,0.0,12.566370614359172,0.0
9.50950950950951,0.11921580873523856,0.0,0.9928683653570612,0.0,12.566370614359172,0.0
9.51951951951952,0.24283718537635543,0.0,0.9700670602477272,0.0,12.566370614359172,0.0
9.52952952952953,0.3626212137781708,0.0,0.9319366154933512,0.0,12.566370614359172,0.0
9.53953953953954,0.4766750494417198,0.0,0.8790795738833136,0.0,12.566370614359172,0.0
9.54954954954955,0.5831963972004262,0.0,0.8123311900152271,0.0,12.566370614359172,0.0
9.55955955955956,0.6805019913483561,0.0,0.7327462314812763,0.0,12.566370614359172,0.0
9.56956956956957,0.7670541948477606,0.0,0.6415823112785467,0.0,12.566370614359172,0.0
9.57957957957958,0.8414852972913925,0.0,0.5402800148269994,0.0,12.566370614359172,0.0
9.58958958958959,0.9026191276596927,0.0,0.4304401356308207,0.0,12.566370614359172,0.0
9.5995995995996,0.9494896403449353,0.0,0.3137983793085097,0.0,12.566370614359172,0.0
9.60960960960961,0.9813561807433006,0.0,0.19219793572227173,0.0,12.566370614359172,0.0
9.61961961961962,0.9977151891857838,0.0,0.06756035262588433,0.0,12.566370614359172,0.0
9.62962962962963,0.9983081582607379,0.0,-0.05814482891014422,0.0,12.566370614359172,0.0
9.63963963963964,0.9831257177852883,0.0,-0.1829311974707321,0.0,12.566370614359172,0.0
9.64964964964965,0.9524077828743156,0.0,-0.3048268608559992,0.0,12.566370614359172,0.0
9.65965965965966,0.9066397627671954,0.0,-0.4219056062063102,0.0,12.566370614359172,0.0
9.66966966966967,0.8465448903209634,0.0,-0.532317338295792,0.0,12.566370614359172,0.0
9.67967967967968,0.7730727933803629,0.0,-0.6343173150040199,0.0,12.566370614359172,0.0
9.68968968968969,0.687384488621632,0.0,-0.7262937179827328,0.0,12.566370614359172,0.0
9.6996996996997,0.5908340349994771,0.0,-0.8067931228419207,0.0,12.566370614359172,0.0
9.70970970970971,0.48494713671210904,0.0,-0.8745434663717332,0.0,12.566370614359172,0.0
9.71971971971972,0.37139703380337935,0.0,-0.9284741478688511,0.0,12.566370614359172,0.0
9.72972972972973,0.25197806138219536,0.0,-0.9677329469232646,0.0,12.566370614359172,0.0
9.73973973973974,0.12857729528024678,0.0,-0.9916994903281486,0.0,12.566370614359172,0.0
9.74974974974975,0.003144732207450769,0.0,-0.9999950553067825,0.0,12.566370614359172,0.0
9.75975975975976,-0.12233752437739925,0.0,-0.9924885541445093,0.0,12.566370614359172,0.0
9.76976976976977,-0.2458865857514629,0.0,-0.9692986056557162,0.0,12.566370614359172,0.0
9.77977977977978,-0.36555011182153746,0.0,-0.9307916607522149,0.0,12.566370614359172,0.0
9.78978978978979,-0.4794371622838899,0.0,-0.8775762117330631,0.0,12.566370614359172,0.0
9.7997997997998,-0.5857480775357566,0.0,-0.8104931768014619,0.0,12.566370614359172,0.0
9.80980980980981,-0.6828029171560379,0.0,-0.7306026117539846,0.0,12.566370614359172,0.0
9.81981981981982,-0.7690680065662084,0.0,-0.6391669588259352,0.0,12.566370614359172,0.0
9.82982982982983,-0.8431801723772836,0.0,-0.5376310973970057,0.0,12.566370614359172,0.0
9.83983983983984,-0.9039682834523869,0.0,-0.4275995117988528,0.0,12.566370614359172,0.0
9.84984984984985,-0.9504717572899432,0.0,-0.3108109370221986,0.0,12.566370614359172,0.0
9.85985985985986,-0.9819557392869593,0.0,-0.1891108829756467,0.0,12.566370614359172,0.0
9.86986986986987,-0.9979227150174834,0.0,-0.06442247147183999,0.0,12.566370614359172,0.0
9.87987987987988,-0.9981203720273442,0.0,0.06128395322088581,0.0,12.566370614359172,0.0
9.88988988988989,-0.9825455869119543,0.0,0.1860219600429069,0.0,12.566370614359172,0.0
9.8998998998999,-0.9514444746728011,0.0,0.3078204210135136,0.0,12.566370614359172,0.0
9.90990990990991,-0.9053084995726841,0.0,0.42475465927965145,0.0,12.566370614359172,0.0
9.91991991991992,-0.844866708946526,0.0,0.5349768631372401,0.0,12.566370614359172,0.0
9.92992992992993,-0.771074212690202,0.0,0.6367452854183204,0.0,12.566370614359172,0.0
9.93993993993994,-0.6850970904761639,0.0,0.7284517668310968,0.0,12.566370614359172,0.0
9.94994994994995,-0.588293965194216,0.0,0.8086471483250874,0.0,12.566370614359172,0.0
9.95995995995996,-0.48219453379659283,0.0,0.8760641709115228,0.0,12.566370614359172,0.0
9.96996996996997,-0.36847539480601776,0.0,0.9296375010727216,0.0,12.566370614359172,0.0
9.97997997997998,-0.2489335544639517,0.0,0.9685205653160422,0.0,12.566370614359172,0.0
9.98998998998999,-0.12545803017869733,0.0,0.9920989278503544,0.0,12.566370614359172,0.0
10.0,2.295279999395548e-13,0.0,0.99999999998906,0.0,12.566370614359172,0.0
